{"nodes": [{"nodeNumber": 75, "cpu": 8, "RU": 1}, {"nodeNumber": 251, "cpu": 8, "RU": 0}, {"nodeNumber": 87, "cpu": 16, "RU": 1}, {"nodeNumber": 89, "cpu": 16, "RU": 0}, {"nodeNumber": 265, "cpu": 8, "RU": 0}, {"nodeNumber": 428, "cpu": 8, "RU": 1}, {"nodeNumber": 270, "cpu": 8, "RU": 0}, {"nodeNumber": 226, "cpu": 8, "RU": 0}, {"nodeNumber": 219, "cpu": 8, "RU": 0}, {"nodeNumber": 420, "cpu": 8, "RU": 1}, {"nodeNumber": 415, "cpu": 8, "RU": 1}, {"nodeNumber": 419, "cpu": 8, "RU": 1}, {"nodeNumber": 500, "cpu": 16, "RU": 1}, {"nodeNumber": 394, "cpu": 8, "RU": 0}, {"nodeNumber": 339, "cpu": 8, "RU": 0}, {"nodeNumber": 346, "cpu": 8, "RU": 0}, {"nodeNumber": 146, "cpu": 16, "RU": 0}, {"nodeNumber": 153, "cpu": 16, "RU": 1}, {"nodeNumber": 338, "cpu": 8, "RU": 0}, {"nodeNumber": 393, "cpu": 8, "RU": 1}, {"nodeNumber": 427, "cpu": 8, "RU": 1}, {"nodeNumber": 116, "cpu": 16, "RU": 0}, {"nodeNumber": 314, "cpu": 8, "RU": 0}, {"nodeNumber": 213, "cpu": 16, "RU": 1}, {"nodeNumber": 410, "cpu": 8, "RU": 1}, {"nodeNumber": 414, "cpu": 8, "RU": 1}, {"nodeNumber": 179, "cpu": 16, "RU": 0}, {"nodeNumber": 11, "cpu": 32, "RU": 0}, {"nodeNumber": 463, "cpu": 8, "RU": 1}, {"nodeNumber": 272, "cpu": 8, "RU": 0}, {"nodeNumber": 131, "cpu": 16, "RU": 0}, {"nodeNumber": 9, "cpu": 16, "RU": 0}, {"nodeNumber": 264, "cpu": 8, "RU": 0}, {"nodeNumber": 235, "cpu": 8, "RU": 0}, {"nodeNumber": 495, "cpu": 8, "RU": 1}, {"nodeNumber": 470, "cpu": 8, "RU": 1}, {"nodeNumber": 93, "cpu": 32, "RU": 0}, {"nodeNumber": 19, "cpu": 16, "RU": 0}, {"nodeNumber": 37, "cpu": 16, "RU": 0}, {"nodeNumber": 311, "cpu": 8, "RU": 0}, {"nodeNumber": 277, "cpu": 16, "RU": 0}, {"nodeNumber": 45, "cpu": 32, "RU": 0}, {"nodeNumber": 389, "cpu": 8, "RU": 1}, {"nodeNumber": 234, "cpu": 16, "RU": 0}, {"nodeNumber": 440, "cpu": 8, "RU": 1}, {"nodeNumber": 247, "cpu": 8, "RU": 0}, {"nodeNumber": 257, "cpu": 8, "RU": 1}, {"nodeNumber": 359, "cpu": 16, "RU": 0}, {"nodeNumber": 387, "cpu": 8, "RU": 0}, {"nodeNumber": 448, "cpu": 8, "RU": 1}, {"nodeNumber": 332, "cpu": 8, "RU": 0}, {"nodeNumber": 25, "cpu": 32, "RU": 0}, {"nodeNumber": 304, "cpu": 8, "RU": 0}, {"nodeNumber": 196, "cpu": 16, "RU": 0}, {"nodeNumber": 299, "cpu": 8, "RU": 0}, {"nodeNumber": 412, "cpu": 8, "RU": 1}, {"nodeNumber": 204, "cpu": 8, "RU": 0}, {"nodeNumber": 211, "cpu": 16, "RU": 1}, {"nodeNumber": 293, "cpu": 8, "RU": 0}, {"nodeNumber": 327, "cpu": 8, "RU": 0}, {"nodeNumber": 486, "cpu": 8, "RU": 1}, {"nodeNumber": 192, "cpu": 8, "RU": 0}, {"nodeNumber": 303, "cpu": 8, "RU": 0}, {"nodeNumber": 149, "cpu": 16, "RU": 0}, {"nodeNumber": 285, "cpu": 16, "RU": 1}, {"nodeNumber": 70, "cpu": 16, "RU": 0}, {"nodeNumber": 198, "cpu": 8, "RU": 1}, {"nodeNumber": 242, "cpu": 8, "RU": 0}, {"nodeNumber": 148, "cpu": 16, "RU": 1}, {"nodeNumber": 316, "cpu": 8, "RU": 0}, {"nodeNumber": 72, "cpu": 16, "RU": 0}, {"nodeNumber": 112, "cpu": 16, "RU": 1}, {"nodeNumber": 309, "cpu": 8, "RU": 0}, {"nodeNumber": 437, "cpu": 8, "RU": 1}, {"nodeNumber": 183, "cpu": 16, "RU": 1}, {"nodeNumber": 95, "cpu": 8, "RU": 0}, {"nodeNumber": 241, "cpu": 8, "RU": 1}, {"nodeNumber": 138, "cpu": 16, "RU": 0}, {"nodeNumber": 3, "cpu": 32, "RU": 1}, {"nodeNumber": 100, "cpu": 16, "RU": 0}, {"nodeNumber": 162, "cpu": 16, "RU": 0}, {"nodeNumber": 223, "cpu": 8, "RU": 0}, {"nodeNumber": 499, "cpu": 8, "RU": 1}, {"nodeNumber": 29, "cpu": 16, "RU": 1}, {"nodeNumber": 188, "cpu": 16, "RU": 1}, {"nodeNumber": 21, "cpu": 32, "RU": 0}, {"nodeNumber": 36, "cpu": 16, "RU": 0}, {"nodeNumber": 416, "cpu": 8, "RU": 1}, {"nodeNumber": 85, "cpu": 32, "RU": 0}, {"nodeNumber": 484, "cpu": 8, "RU": 1}, {"nodeNumber": 147, "cpu": 16, "RU": 0}, {"nodeNumber": 200, "cpu": 8, "RU": 0}, {"nodeNumber": 60, "cpu": 16, "RU": 0}, {"nodeNumber": 356, "cpu": 8, "RU": 0}, {"nodeNumber": 232, "cpu": 8, "RU": 0}, {"nodeNumber": 445, "cpu": 8, "RU": 1}, {"nodeNumber": 239, "cpu": 16, "RU": 0}, {"nodeNumber": 117, "cpu": 8, "RU": 0}, {"nodeNumber": 81, "cpu": 16, "RU": 1}, {"nodeNumber": 212, "cpu": 16, "RU": 0}, {"nodeNumber": 403, "cpu": 8, "RU": 0}, {"nodeNumber": 79, "cpu": 16, "RU": 0}, {"nodeNumber": 383, "cpu": 8, "RU": 0}, {"nodeNumber": 205, "cpu": 8, "RU": 0}, {"nodeNumber": 328, "cpu": 16, "RU": 0}, {"nodeNumber": 324, "cpu": 8, "RU": 1}, {"nodeNumber": 6, "cpu": 32, "RU": 0}, {"nodeNumber": 456, "cpu": 8, "RU": 1}, {"nodeNumber": 498, "cpu": 8, "RU": 1}, {"nodeNumber": 209, "cpu": 8, "RU": 1}, {"nodeNumber": 203, "cpu": 8, "RU": 0}, {"nodeNumber": 381, "cpu": 8, "RU": 0}, {"nodeNumber": 439, "cpu": 8, "RU": 1}, {"nodeNumber": 82, "cpu": 16, "RU": 1}, {"nodeNumber": 482, "cpu": 32, "RU": 1}, {"nodeNumber": 266, "cpu": 8, "RU": 0}, {"nodeNumber": 199, "cpu": 16, "RU": 1}, {"nodeNumber": 390, "cpu": 8, "RU": 1}, {"nodeNumber": 423, "cpu": 8, "RU": 1}, {"nodeNumber": 113, "cpu": 16, "RU": 0}, {"nodeNumber": 121, "cpu": 16, "RU": 0}, {"nodeNumber": 129, "cpu": 8, "RU": 1}, {"nodeNumber": 501, "cpu": 8, "RU": 1}, {"nodeNumber": 238, "cpu": 8, "RU": 0}, {"nodeNumber": 104, "cpu": 16, "RU": 0}, {"nodeNumber": 441, "cpu": 8, "RU": 0}, {"nodeNumber": 353, "cpu": 8, "RU": 0}, {"nodeNumber": 66, "cpu": 16, "RU": 0}, {"nodeNumber": 401, "cpu": 8, "RU": 1}, {"nodeNumber": 41, "cpu": 32, "RU": 0}, {"nodeNumber": 279, "cpu": 8, "RU": 0}, {"nodeNumber": 101, "cpu": 32, "RU": 0}, {"nodeNumber": 171, "cpu": 32, "RU": 0}, {"nodeNumber": 174, "cpu": 8, "RU": 1}, {"nodeNumber": 287, "cpu": 8, "RU": 1}, {"nodeNumber": 473, "cpu": 8, "RU": 1}, {"nodeNumber": 450, "cpu": 8, "RU": 1}, {"nodeNumber": 166, "cpu": 16, "RU": 1}, {"nodeNumber": 429, "cpu": 8, "RU": 1}, {"nodeNumber": 323, "cpu": 8, "RU": 0}, {"nodeNumber": 48, "cpu": 16, "RU": 0}, {"nodeNumber": 231, "cpu": 8, "RU": 1}, {"nodeNumber": 305, "cpu": 8, "RU": 0}, {"nodeNumber": 342, "cpu": 8, "RU": 0}, {"nodeNumber": 335, "cpu": 8, "RU": 0}, {"nodeNumber": 260, "cpu": 8, "RU": 0}, {"nodeNumber": 163, "cpu": 16, "RU": 0}, {"nodeNumber": 433, "cpu": 8, "RU": 1}, {"nodeNumber": 297, "cpu": 8, "RU": 1}, {"nodeNumber": 109, "cpu": 16, "RU": 1}, {"nodeNumber": 276, "cpu": 8, "RU": 0}, {"nodeNumber": 333, "cpu": 8, "RU": 1}, {"nodeNumber": 292, "cpu": 32, "RU": 1}, {"nodeNumber": 190, "cpu": 8, "RU": 1}, {"nodeNumber": 180, "cpu": 8, "RU": 0}, {"nodeNumber": 351, "cpu": 8, "RU": 1}, {"nodeNumber": 481, "cpu": 8, "RU": 1}, {"nodeNumber": 350, "cpu": 8, "RU": 1}, {"nodeNumber": 290, "cpu": 8, "RU": 0}, {"nodeNumber": 187, "cpu": 16, "RU": 0}, {"nodeNumber": 123, "cpu": 8, "RU": 1}, {"nodeNumber": 141, "cpu": 16, "RU": 0}, {"nodeNumber": 358, "cpu": 8, "RU": 0}, {"nodeNumber": 97, "cpu": 16, "RU": 0}, {"nodeNumber": 367, "cpu": 8, "RU": 0}, {"nodeNumber": 273, "cpu": 8, "RU": 1}, {"nodeNumber": 261, "cpu": 8, "RU": 0}, {"nodeNumber": 421, "cpu": 16, "RU": 0}, {"nodeNumber": 229, "cpu": 8, "RU": 1}, {"nodeNumber": 165, "cpu": 8, "RU": 0}, {"nodeNumber": 140, "cpu": 16, "RU": 0}, {"nodeNumber": 94, "cpu": 16, "RU": 1}, {"nodeNumber": 208, "cpu": 8, "RU": 0}, {"nodeNumber": 143, "cpu": 8, "RU": 1}, {"nodeNumber": 479, "cpu": 16, "RU": 0}, {"nodeNumber": 124, "cpu": 16, "RU": 0}, {"nodeNumber": 98, "cpu": 32, "RU": 0}, {"nodeNumber": 55, "cpu": 16, "RU": 1}, {"nodeNumber": 320, "cpu": 8, "RU": 0}, {"nodeNumber": 83, "cpu": 16, "RU": 0}, {"nodeNumber": 92, "cpu": 16, "RU": 0}, {"nodeNumber": 73, "cpu": 16, "RU": 0}, {"nodeNumber": 301, "cpu": 8, "RU": 1}, {"nodeNumber": 59, "cpu": 32, "RU": 1}, {"nodeNumber": 331, "cpu": 16, "RU": 0}, {"nodeNumber": 40, "cpu": 32, "RU": 0}, {"nodeNumber": 102, "cpu": 32, "RU": 0}, {"nodeNumber": 91, "cpu": 16, "RU": 0}, {"nodeNumber": 411, "cpu": 8, "RU": 0}, {"nodeNumber": 191, "cpu": 8, "RU": 0}, {"nodeNumber": 267, "cpu": 8, "RU": 0}, {"nodeNumber": 47, "cpu": 16, "RU": 0}, {"nodeNumber": 58, "cpu": 16, "RU": 0}, {"nodeNumber": 224, "cpu": 8, "RU": 0}, {"nodeNumber": 360, "cpu": 16, "RU": 1}, {"nodeNumber": 307, "cpu": 8, "RU": 0}, {"nodeNumber": 20, "cpu": 32, "RU": 1}, {"nodeNumber": 221, "cpu": 8, "RU": 0}, {"nodeNumber": 343, "cpu": 8, "RU": 0}, {"nodeNumber": 248, "cpu": 8, "RU": 0}, {"nodeNumber": 466, "cpu": 8, "RU": 1}, {"nodeNumber": 447, "cpu": 8, "RU": 1}, {"nodeNumber": 118, "cpu": 16, "RU": 0}, {"nodeNumber": 407, "cpu": 8, "RU": 0}, {"nodeNumber": 61, "cpu": 32, "RU": 0}, {"nodeNumber": 22, "cpu": 16, "RU": 0}, {"nodeNumber": 115, "cpu": 16, "RU": 0}, {"nodeNumber": 233, "cpu": 8, "RU": 0}, {"nodeNumber": 53, "cpu": 32, "RU": 0}, {"nodeNumber": 396, "cpu": 32, "RU": 0}, {"nodeNumber": 230, "cpu": 8, "RU": 0}, {"nodeNumber": 364, "cpu": 16, "RU": 1}, {"nodeNumber": 464, "cpu": 8, "RU": 1}, {"nodeNumber": 142, "cpu": 16, "RU": 0}, {"nodeNumber": 417, "cpu": 8, "RU": 1}, {"nodeNumber": 111, "cpu": 16, "RU": 0}, {"nodeNumber": 268, "cpu": 8, "RU": 0}, {"nodeNumber": 476, "cpu": 8, "RU": 1}, {"nodeNumber": 472, "cpu": 8, "RU": 1}, {"nodeNumber": 336, "cpu": 8, "RU": 0}, {"nodeNumber": 275, "cpu": 8, "RU": 1}, {"nodeNumber": 172, "cpu": 16, "RU": 0}, {"nodeNumber": 156, "cpu": 32, "RU": 0}, {"nodeNumber": 310, "cpu": 8, "RU": 0}, {"nodeNumber": 253, "cpu": 8, "RU": 1}, {"nodeNumber": 51, "cpu": 8, "RU": 1}, {"nodeNumber": 444, "cpu": 8, "RU": 1}, {"nodeNumber": 392, "cpu": 32, "RU": 0}, {"nodeNumber": 110, "cpu": 32, "RU": 0}, {"nodeNumber": 380, "cpu": 16, "RU": 0}, {"nodeNumber": 28, "cpu": 32, "RU": 0}, {"nodeNumber": 193, "cpu": 16, "RU": 1}, {"nodeNumber": 377, "cpu": 8, "RU": 1}, {"nodeNumber": 354, "cpu": 8, "RU": 0}, {"nodeNumber": 1, "cpu": 64, "RU": 0}, {"nodeNumber": 361, "cpu": 8, "RU": 0}, {"nodeNumber": 96, "cpu": 16, "RU": 1}, {"nodeNumber": 176, "cpu": 8, "RU": 0}, {"nodeNumber": 201, "cpu": 8, "RU": 0}, {"nodeNumber": 38, "cpu": 32, "RU": 0}, {"nodeNumber": 402, "cpu": 8, "RU": 1}, {"nodeNumber": 375, "cpu": 8, "RU": 1}, {"nodeNumber": 422, "cpu": 16, "RU": 0}, {"nodeNumber": 13, "cpu": 16, "RU": 1}, {"nodeNumber": 284, "cpu": 8, "RU": 1}, {"nodeNumber": 344, "cpu": 32, "RU": 0}, {"nodeNumber": 249, "cpu": 8, "RU": 1}, {"nodeNumber": 397, "cpu": 16, "RU": 0}, {"nodeNumber": 326, "cpu": 8, "RU": 0}, {"nodeNumber": 431, "cpu": 8, "RU": 1}, {"nodeNumber": 24, "cpu": 32, "RU": 0}, {"nodeNumber": 50, "cpu": 16, "RU": 1}, {"nodeNumber": 35, "cpu": 32, "RU": 1}, {"nodeNumber": 144, "cpu": 16, "RU": 1}, {"nodeNumber": 128, "cpu": 16, "RU": 0}, {"nodeNumber": 184, "cpu": 16, "RU": 1}, {"nodeNumber": 483, "cpu": 8, "RU": 1}, {"nodeNumber": 197, "cpu": 16, "RU": 0}, {"nodeNumber": 352, "cpu": 8, "RU": 0}, {"nodeNumber": 469, "cpu": 8, "RU": 1}, {"nodeNumber": 220, "cpu": 8, "RU": 0}, {"nodeNumber": 74, "cpu": 16, "RU": 0}, {"nodeNumber": 236, "cpu": 16, "RU": 1}, {"nodeNumber": 194, "cpu": 16, "RU": 0}, {"nodeNumber": 274, "cpu": 8, "RU": 0}, {"nodeNumber": 322, "cpu": 8, "RU": 0}, {"nodeNumber": 99, "cpu": 16, "RU": 0}, {"nodeNumber": 435, "cpu": 16, "RU": 0}, {"nodeNumber": 492, "cpu": 8, "RU": 1}, {"nodeNumber": 243, "cpu": 8, "RU": 0}, {"nodeNumber": 404, "cpu": 16, "RU": 1}, {"nodeNumber": 491, "cpu": 8, "RU": 1}, {"nodeNumber": 388, "cpu": 16, "RU": 1}, {"nodeNumber": 362, "cpu": 8, "RU": 0}, {"nodeNumber": 347, "cpu": 16, "RU": 0}, {"nodeNumber": 369, "cpu": 8, "RU": 1}, {"nodeNumber": 454, "cpu": 8, "RU": 1}, {"nodeNumber": 52, "cpu": 32, "RU": 0}, {"nodeNumber": 485, "cpu": 8, "RU": 1}, {"nodeNumber": 438, "cpu": 16, "RU": 0}, {"nodeNumber": 372, "cpu": 8, "RU": 1}, {"nodeNumber": 374, "cpu": 8, "RU": 1}, {"nodeNumber": 298, "cpu": 8, "RU": 0}, {"nodeNumber": 164, "cpu": 16, "RU": 0}, {"nodeNumber": 12, "cpu": 16, "RU": 0}, {"nodeNumber": 2, "cpu": 16, "RU": 1}, {"nodeNumber": 442, "cpu": 32, "RU": 0}, {"nodeNumber": 119, "cpu": 16, "RU": 0}, {"nodeNumber": 446, "cpu": 8, "RU": 1}, {"nodeNumber": 252, "cpu": 8, "RU": 0}, {"nodeNumber": 409, "cpu": 8, "RU": 1}, {"nodeNumber": 269, "cpu": 8, "RU": 0}, {"nodeNumber": 278, "cpu": 8, "RU": 0}, {"nodeNumber": 474, "cpu": 8, "RU": 1}, {"nodeNumber": 329, "cpu": 8, "RU": 0}, {"nodeNumber": 384, "cpu": 8, "RU": 0}, {"nodeNumber": 379, "cpu": 8, "RU": 0}, {"nodeNumber": 490, "cpu": 8, "RU": 1}, {"nodeNumber": 86, "cpu": 16, "RU": 1}, {"nodeNumber": 319, "cpu": 8, "RU": 0}, {"nodeNumber": 216, "cpu": 32, "RU": 0}, {"nodeNumber": 207, "cpu": 8, "RU": 0}, {"nodeNumber": 195, "cpu": 16, "RU": 1}, {"nodeNumber": 295, "cpu": 8, "RU": 0}, {"nodeNumber": 489, "cpu": 8, "RU": 1}, {"nodeNumber": 122, "cpu": 16, "RU": 0}, {"nodeNumber": 217, "cpu": 16, "RU": 0}, {"nodeNumber": 154, "cpu": 16, "RU": 0}, {"nodeNumber": 395, "cpu": 8, "RU": 0}, {"nodeNumber": 18, "cpu": 16, "RU": 0}, {"nodeNumber": 315, "cpu": 8, "RU": 0}, {"nodeNumber": 283, "cpu": 8, "RU": 0}, {"nodeNumber": 62, "cpu": 32, "RU": 0}, {"nodeNumber": 64, "cpu": 16, "RU": 0}, {"nodeNumber": 424, "cpu": 8, "RU": 1}, {"nodeNumber": 300, "cpu": 8, "RU": 0}, {"nodeNumber": 27, "cpu": 16, "RU": 0}, {"nodeNumber": 136, "cpu": 8, "RU": 0}, {"nodeNumber": 334, "cpu": 8, "RU": 0}, {"nodeNumber": 321, "cpu": 8, "RU": 1}, {"nodeNumber": 215, "cpu": 32, "RU": 0}, {"nodeNumber": 325, "cpu": 8, "RU": 0}, {"nodeNumber": 161, "cpu": 16, "RU": 1}, {"nodeNumber": 168, "cpu": 16, "RU": 1}, {"nodeNumber": 399, "cpu": 8, "RU": 1}, {"nodeNumber": 418, "cpu": 8, "RU": 1}, {"nodeNumber": 366, "cpu": 8, "RU": 0}, {"nodeNumber": 244, "cpu": 8, "RU": 0}, {"nodeNumber": 14, "cpu": 32, "RU": 0}, {"nodeNumber": 77, "cpu": 8, "RU": 1}, {"nodeNumber": 467, "cpu": 8, "RU": 1}, {"nodeNumber": 167, "cpu": 16, "RU": 1}, {"nodeNumber": 150, "cpu": 16, "RU": 0}, {"nodeNumber": 186, "cpu": 8, "RU": 1}, {"nodeNumber": 255, "cpu": 8, "RU": 0}, {"nodeNumber": 349, "cpu": 8, "RU": 0}, {"nodeNumber": 318, "cpu": 8, "RU": 1}, {"nodeNumber": 494, "cpu": 16, "RU": 0}, {"nodeNumber": 357, "cpu": 8, "RU": 1}, {"nodeNumber": 312, "cpu": 8, "RU": 0}, {"nodeNumber": 158, "cpu": 16, "RU": 1}, {"nodeNumber": 106, "cpu": 16, "RU": 1}, {"nodeNumber": 32, "cpu": 16, "RU": 0}, {"nodeNumber": 391, "cpu": 32, "RU": 0}, {"nodeNumber": 330, "cpu": 8, "RU": 0}, {"nodeNumber": 355, "cpu": 8, "RU": 1}, {"nodeNumber": 468, "cpu": 8, "RU": 1}, {"nodeNumber": 291, "cpu": 8, "RU": 0}, {"nodeNumber": 368, "cpu": 8, "RU": 1}, {"nodeNumber": 294, "cpu": 8, "RU": 0}, {"nodeNumber": 443, "cpu": 8, "RU": 1}, {"nodeNumber": 5, "cpu": 32, "RU": 0}, {"nodeNumber": 430, "cpu": 8, "RU": 1}, {"nodeNumber": 181, "cpu": 8, "RU": 0}, {"nodeNumber": 465, "cpu": 8, "RU": 1}, {"nodeNumber": 426, "cpu": 8, "RU": 1}, {"nodeNumber": 462, "cpu": 8, "RU": 1}, {"nodeNumber": 376, "cpu": 8, "RU": 0}, {"nodeNumber": 452, "cpu": 8, "RU": 1}, {"nodeNumber": 30, "cpu": 16, "RU": 0}, {"nodeNumber": 151, "cpu": 8, "RU": 0}, {"nodeNumber": 340, "cpu": 8, "RU": 1}, {"nodeNumber": 240, "cpu": 8, "RU": 1}, {"nodeNumber": 286, "cpu": 16, "RU": 0}, {"nodeNumber": 157, "cpu": 16, "RU": 0}, {"nodeNumber": 152, "cpu": 16, "RU": 0}, {"nodeNumber": 488, "cpu": 8, "RU": 1}, {"nodeNumber": 214, "cpu": 8, "RU": 0}, {"nodeNumber": 126, "cpu": 16, "RU": 0}, {"nodeNumber": 7, "cpu": 16, "RU": 1}, {"nodeNumber": 386, "cpu": 8, "RU": 0}, {"nodeNumber": 365, "cpu": 8, "RU": 1}, {"nodeNumber": 281, "cpu": 8, "RU": 0}, {"nodeNumber": 478, "cpu": 8, "RU": 1}, {"nodeNumber": 135, "cpu": 16, "RU": 0}, {"nodeNumber": 373, "cpu": 8, "RU": 1}, {"nodeNumber": 385, "cpu": 8, "RU": 1}, {"nodeNumber": 341, "cpu": 8, "RU": 0}, {"nodeNumber": 26, "cpu": 16, "RU": 0}, {"nodeNumber": 33, "cpu": 16, "RU": 0}, {"nodeNumber": 458, "cpu": 8, "RU": 1}, {"nodeNumber": 363, "cpu": 16, "RU": 1}, {"nodeNumber": 88, "cpu": 16, "RU": 1}, {"nodeNumber": 282, "cpu": 8, "RU": 0}, {"nodeNumber": 237, "cpu": 8, "RU": 1}, {"nodeNumber": 177, "cpu": 16, "RU": 1}, {"nodeNumber": 245, "cpu": 8, "RU": 0}, {"nodeNumber": 405, "cpu": 8, "RU": 1}, {"nodeNumber": 170, "cpu": 16, "RU": 1}, {"nodeNumber": 127, "cpu": 16, "RU": 0}, {"nodeNumber": 185, "cpu": 8, "RU": 1}, {"nodeNumber": 477, "cpu": 8, "RU": 1}, {"nodeNumber": 271, "cpu": 8, "RU": 0}, {"nodeNumber": 471, "cpu": 8, "RU": 1}, {"nodeNumber": 90, "cpu": 16, "RU": 1}, {"nodeNumber": 262, "cpu": 8, "RU": 0}, {"nodeNumber": 337, "cpu": 8, "RU": 1}, {"nodeNumber": 425, "cpu": 8, "RU": 1}, {"nodeNumber": 246, "cpu": 8, "RU": 0}, {"nodeNumber": 43, "cpu": 16, "RU": 0}, {"nodeNumber": 189, "cpu": 8, "RU": 1}, {"nodeNumber": 228, "cpu": 8, "RU": 0}, {"nodeNumber": 250, "cpu": 8, "RU": 0}, {"nodeNumber": 493, "cpu": 8, "RU": 1}, {"nodeNumber": 306, "cpu": 8, "RU": 1}, {"nodeNumber": 80, "cpu": 16, "RU": 0}, {"nodeNumber": 449, "cpu": 8, "RU": 1}, {"nodeNumber": 496, "cpu": 8, "RU": 0}, {"nodeNumber": 457, "cpu": 16, "RU": 1}, {"nodeNumber": 57, "cpu": 16, "RU": 1}, {"nodeNumber": 132, "cpu": 16, "RU": 1}, {"nodeNumber": 398, "cpu": 8, "RU": 0}, {"nodeNumber": 63, "cpu": 32, "RU": 0}, {"nodeNumber": 497, "cpu": 8, "RU": 1}, {"nodeNumber": 258, "cpu": 8, "RU": 0}, {"nodeNumber": 65, "cpu": 16, "RU": 0}, {"nodeNumber": 218, "cpu": 8, "RU": 0}, {"nodeNumber": 308, "cpu": 8, "RU": 1}, {"nodeNumber": 107, "cpu": 16, "RU": 1}, {"nodeNumber": 222, "cpu": 8, "RU": 0}, {"nodeNumber": 280, "cpu": 8, "RU": 0}, {"nodeNumber": 15, "cpu": 16, "RU": 1}, {"nodeNumber": 56, "cpu": 16, "RU": 1}, {"nodeNumber": 42, "cpu": 32, "RU": 0}, {"nodeNumber": 406, "cpu": 32, "RU": 0}, {"nodeNumber": 108, "cpu": 16, "RU": 1}, {"nodeNumber": 16, "cpu": 16, "RU": 0}, {"nodeNumber": 84, "cpu": 16, "RU": 1}, {"nodeNumber": 17, "cpu": 32, "RU": 0}, {"nodeNumber": 31, "cpu": 16, "RU": 0}, {"nodeNumber": 23, "cpu": 32, "RU": 0}, {"nodeNumber": 259, "cpu": 8, "RU": 0}, {"nodeNumber": 69, "cpu": 32, "RU": 0}, {"nodeNumber": 263, "cpu": 8, "RU": 1}, {"nodeNumber": 159, "cpu": 8, "RU": 0}, {"nodeNumber": 145, "cpu": 16, "RU": 1}, {"nodeNumber": 114, "cpu": 32, "RU": 0}, {"nodeNumber": 155, "cpu": 16, "RU": 0}, {"nodeNumber": 206, "cpu": 8, "RU": 0}, {"nodeNumber": 459, "cpu": 8, "RU": 1}, {"nodeNumber": 302, "cpu": 8, "RU": 0}, {"nodeNumber": 103, "cpu": 16, "RU": 0}, {"nodeNumber": 8, "cpu": 32, "RU": 0}, {"nodeNumber": 68, "cpu": 16, "RU": 0}, {"nodeNumber": 455, "cpu": 8, "RU": 1}, {"nodeNumber": 371, "cpu": 8, "RU": 1}, {"nodeNumber": 125, "cpu": 16, "RU": 1}, {"nodeNumber": 453, "cpu": 8, "RU": 1}, {"nodeNumber": 44, "cpu": 16, "RU": 1}, {"nodeNumber": 175, "cpu": 8, "RU": 0}, {"nodeNumber": 10, "cpu": 8, "RU": 1}, {"nodeNumber": 139, "cpu": 16, "RU": 1}, {"nodeNumber": 475, "cpu": 8, "RU": 1}, {"nodeNumber": 370, "cpu": 8, "RU": 0}, {"nodeNumber": 345, "cpu": 8, "RU": 1}, {"nodeNumber": 317, "cpu": 8, "RU": 0}, {"nodeNumber": 487, "cpu": 16, "RU": 1}, {"nodeNumber": 227, "cpu": 8, "RU": 0}, {"nodeNumber": 289, "cpu": 8, "RU": 1}, {"nodeNumber": 173, "cpu": 8, "RU": 0}, {"nodeNumber": 182, "cpu": 16, "RU": 1}, {"nodeNumber": 76, "cpu": 16, "RU": 0}, {"nodeNumber": 434, "cpu": 8, "RU": 1}, {"nodeNumber": 0, "cpu": 0, "RU": 0}, {"nodeNumber": 169, "cpu": 8, "RU": 1}, {"nodeNumber": 78, "cpu": 32, "RU": 0}, {"nodeNumber": 54, "cpu": 16, "RU": 1}, {"nodeNumber": 313, "cpu": 8, "RU": 0}, {"nodeNumber": 130, "cpu": 8, "RU": 1}, {"nodeNumber": 49, "cpu": 16, "RU": 1}, {"nodeNumber": 348, "cpu": 8, "RU": 0}, {"nodeNumber": 451, "cpu": 16, "RU": 1}, {"nodeNumber": 460, "cpu": 8, "RU": 1}, {"nodeNumber": 436, "cpu": 8, "RU": 1}, {"nodeNumber": 160, "cpu": 16, "RU": 1}, {"nodeNumber": 134, "cpu": 32, "RU": 0}, {"nodeNumber": 39, "cpu": 32, "RU": 0}, {"nodeNumber": 137, "cpu": 8, "RU": 0}, {"nodeNumber": 4, "cpu": 16, "RU": 0}, {"nodeNumber": 378, "cpu": 32, "RU": 0}, {"nodeNumber": 225, "cpu": 8, "RU": 1}, {"nodeNumber": 400, "cpu": 32, "RU": 0}, {"nodeNumber": 105, "cpu": 16, "RU": 1}, {"nodeNumber": 202, "cpu": 8, "RU": 0}, {"nodeNumber": 34, "cpu": 16, "RU": 0}, {"nodeNumber": 133, "cpu": 32, "RU": 0}, {"nodeNumber": 210, "cpu": 8, "RU": 1}, {"nodeNumber": 296, "cpu": 8, "RU": 0}, {"nodeNumber": 71, "cpu": 16, "RU": 0}, {"nodeNumber": 480, "cpu": 8, "RU": 1}, {"nodeNumber": 67, "cpu": 16, "RU": 1}, {"nodeNumber": 46, "cpu": 32, "RU": 0}, {"nodeNumber": 408, "cpu": 32, "RU": 0}, {"nodeNumber": 432, "cpu": 8, "RU": 1}, {"nodeNumber": 254, "cpu": 8, "RU": 0}, {"nodeNumber": 178, "cpu": 8, "RU": 1}, {"nodeNumber": 288, "cpu": 8, "RU": 0}, {"nodeNumber": 120, "cpu": 16, "RU": 1}, {"nodeNumber": 382, "cpu": 8, "RU": 0}, {"nodeNumber": 461, "cpu": 8, "RU": 1}, {"nodeNumber": 413, "cpu": 8, "RU": 1}, {"nodeNumber": 256, "cpu": 8, "RU": 0}]}