{"links": [{"fromNode": 1, "toNode": 25, "delay": 0.163, "capacity": 1000}, {"fromNode": 1, "toNode": 38, "delay": 0.163, "capacity": 1000}, {"fromNode": 1, "toNode": 53, "delay": 0.163, "capacity": 1000}, {"fromNode": 1, "toNode": 61, "delay": 0.163, "capacity": 1000}, {"fromNode": 1, "toNode": 63, "delay": 0.163, "capacity": 1000}, {"fromNode": 1, "toNode": 78, "delay": 0.163, "capacity": 1000}, {"fromNode": 1, "toNode": 114, "delay": 0.163, "capacity": 1000}, {"fromNode": 1, "toNode": 133, "delay": 0.163, "capacity": 1000}, {"fromNode": 1, "toNode": 134, "delay": 0.163, "capacity": 1000}, {"fromNode": 1, "toNode": 216, "delay": 0.163, "capacity": 1000}, {"fromNode": 1, "toNode": 344, "delay": 0.163, "capacity": 1000}, {"fromNode": 1, "toNode": 378, "delay": 0.163, "capacity": 1000}, {"fromNode": 1, "toNode": 392, "delay": 0.163, "capacity": 1000}, {"fromNode": 1, "toNode": 396, "delay": 0.163, "capacity": 1000}, {"fromNode": 1, "toNode": 400, "delay": 0.163, "capacity": 1000}, {"fromNode": 1, "toNode": 408, "delay": 0.163, "capacity": 1000}, {"fromNode": 1, "toNode": 442, "delay": 0.163, "capacity": 1000}, {"fromNode": 25, "toNode": 8, "delay": 0.163, "capacity": 1000}, {"fromNode": 25, "toNode": 85, "delay": 0.163, "capacity": 1000}, {"fromNode": 25, "toNode": 93, "delay": 0.01, "capacity": 1000}, {"fromNode": 38, "toNode": 5, "delay": 0.163, "capacity": 1000}, {"fromNode": 38, "toNode": 6, "delay": 0.01, "capacity": 1000}, {"fromNode": 38, "toNode": 40, "delay": 0.163, "capacity": 1000}, {"fromNode": 53, "toNode": 20, "delay": 0.01, "capacity": 1000}, {"fromNode": 53, "toNode": 292, "delay": 0.01, "capacity": 1000}, {"fromNode": 53, "toNode": 391, "delay": 0.163, "capacity": 1000}, {"fromNode": 61, "toNode": 21, "delay": 0.163, "capacity": 1000}, {"fromNode": 63, "toNode": 23, "delay": 0.163, "capacity": 1000}, {"fromNode": 63, "toNode": 42, "delay": 0.163, "capacity": 1000}, {"fromNode": 63, "toNode": 110, "delay": 0.163, "capacity": 1000}, {"fromNode": 78, "toNode": 17, "delay": 0.163, "capacity": 1000}, {"fromNode": 78, "toNode": 69, "delay": 0.163, "capacity": 1000}, {"fromNode": 114, "toNode": 35, "delay": 0.01, "capacity": 1000}, {"fromNode": 133, "toNode": 24, "delay": 0.163, "capacity": 1000}, {"fromNode": 134, "toNode": 14, "delay": 0.01, "capacity": 1000}, {"fromNode": 134, "toNode": 41, "delay": 0.163, "capacity": 1000}, {"fromNode": 134, "toNode": 59, "delay": 0.01, "capacity": 1000}, {"fromNode": 216, "toNode": 39, "delay": 0.163, "capacity": 1000}, {"fromNode": 216, "toNode": 102, "delay": 0.01, "capacity": 1000}, {"fromNode": 216, "toNode": 171, "delay": 0.163, "capacity": 1000}, {"fromNode": 344, "toNode": 3, "delay": 0.01, "capacity": 1000}, {"fromNode": 344, "toNode": 101, "delay": 0.01, "capacity": 1000}, {"fromNode": 344, "toNode": 406, "delay": 0.163, "capacity": 1000}, {"fromNode": 378, "toNode": 11, "delay": 0.01, "capacity": 1000}, {"fromNode": 378, "toNode": 98, "delay": 0.163, "capacity": 1000}, {"fromNode": 378, "toNode": 215, "delay": 0.163, "capacity": 1000}, {"fromNode": 392, "toNode": 45, "delay": 0.01, "capacity": 1000}, {"fromNode": 392, "toNode": 482, "delay": 0.01, "capacity": 1000}, {"fromNode": 396, "toNode": 52, "delay": 0.01, "capacity": 1000}, {"fromNode": 400, "toNode": 46, "delay": 0.163, "capacity": 1000}, {"fromNode": 400, "toNode": 156, "delay": 0.163, "capacity": 1000}, {"fromNode": 408, "toNode": 28, "delay": 0.163, "capacity": 1000}, {"fromNode": 442, "toNode": 62, "delay": 0.163, "capacity": 1000}, {"fromNode": 8, "toNode": 13, "delay": 0.01, "capacity": 1000}, {"fromNode": 8, "toNode": 239, "delay": 0.01, "capacity": 1000}, {"fromNode": 8, "toNode": 359, "delay": 0.22, "capacity": 800}, {"fromNode": 85, "toNode": 7, "delay": 0.01, "capacity": 1000}, {"fromNode": 85, "toNode": 87, "delay": 0.01, "capacity": 1000}, {"fromNode": 85, "toNode": 91, "delay": 0.01, "capacity": 1000}, {"fromNode": 93, "toNode": 37, "delay": 0.01, "capacity": 1000}, {"fromNode": 93, "toNode": 60, "delay": 0.01, "capacity": 1000}, {"fromNode": 93, "toNode": 162, "delay": 0.01, "capacity": 1000}, {"fromNode": 5, "toNode": 66, "delay": 0.01, "capacity": 1000}, {"fromNode": 5, "toNode": 397, "delay": 0.01, "capacity": 1000}, {"fromNode": 5, "toNode": 422, "delay": 0.22, "capacity": 800}, {"fromNode": 6, "toNode": 15, "delay": 0.01, "capacity": 1000}, {"fromNode": 6, "toNode": 58, "delay": 0.01, "capacity": 1000}, {"fromNode": 6, "toNode": 71, "delay": 0.22, "capacity": 800}, {"fromNode": 40, "toNode": 31, "delay": 0.22, "capacity": 800}, {"fromNode": 40, "toNode": 146, "delay": 0.01, "capacity": 1000}, {"fromNode": 40, "toNode": 364, "delay": 0.01, "capacity": 1000}, {"fromNode": 20, "toNode": 32, "delay": 0.22, "capacity": 800}, {"fromNode": 292, "toNode": 80, "delay": 0.22, "capacity": 800}, {"fromNode": 391, "toNode": 96, "delay": 0.01, "capacity": 1000}, {"fromNode": 391, "toNode": 347, "delay": 0.22, "capacity": 800}, {"fromNode": 21, "toNode": 100, "delay": 0.01, "capacity": 1000}, {"fromNode": 21, "toNode": 213, "delay": 0.01, "capacity": 1000}, {"fromNode": 21, "toNode": 421, "delay": 0.01, "capacity": 1000}, {"fromNode": 23, "toNode": 73, "delay": 0.01, "capacity": 1000}, {"fromNode": 42, "toNode": 4, "delay": 0.22, "capacity": 800}, {"fromNode": 42, "toNode": 36, "delay": 0.01, "capacity": 1000}, {"fromNode": 42, "toNode": 131, "delay": 0.01, "capacity": 1000}, {"fromNode": 110, "toNode": 19, "delay": 0.01, "capacity": 1000}, {"fromNode": 110, "toNode": 128, "delay": 0.22, "capacity": 800}, {"fromNode": 110, "toNode": 164, "delay": 0.01, "capacity": 1000}, {"fromNode": 17, "toNode": 9, "delay": 0.01, "capacity": 1000}, {"fromNode": 17, "toNode": 16, "delay": 0.01, "capacity": 1000}, {"fromNode": 17, "toNode": 50, "delay": 0.01, "capacity": 1000}, {"fromNode": 69, "toNode": 68, "delay": 0.01, "capacity": 1000}, {"fromNode": 69, "toNode": 500, "delay": 0.01, "capacity": 1000}, {"fromNode": 35, "toNode": 72, "delay": 0.22, "capacity": 800}, {"fromNode": 24, "toNode": 79, "delay": 0.01, "capacity": 1000}, {"fromNode": 14, "toNode": 67, "delay": 0.01, "capacity": 1000}, {"fromNode": 41, "toNode": 29, "delay": 0.01, "capacity": 1000}, {"fromNode": 41, "toNode": 149, "delay": 0.01, "capacity": 1000}, {"fromNode": 59, "toNode": 74, "delay": 0.22, "capacity": 800}, {"fromNode": 39, "toNode": 83, "delay": 0.01, "capacity": 1000}, {"fromNode": 102, "toNode": 56, "delay": 0.01, "capacity": 1000}, {"fromNode": 102, "toNode": 170, "delay": 0.01, "capacity": 1000}, {"fromNode": 102, "toNode": 172, "delay": 0.01, "capacity": 1000}, {"fromNode": 171, "toNode": 121, "delay": 0.01, "capacity": 1000}, {"fromNode": 171, "toNode": 124, "delay": 0.01, "capacity": 1000}, {"fromNode": 171, "toNode": 217, "delay": 0.22, "capacity": 800}, {"fromNode": 3, "toNode": 118, "delay": 0.22, "capacity": 800}, {"fromNode": 3, "toNode": 197, "delay": 0.22, "capacity": 800}, {"fromNode": 101, "toNode": 122, "delay": 0.01, "capacity": 1000}, {"fromNode": 406, "toNode": 138, "delay": 0.22, "capacity": 800}, {"fromNode": 406, "toNode": 457, "delay": 0.01, "capacity": 1000}, {"fromNode": 11, "toNode": 139, "delay": 0.01, "capacity": 1000}, {"fromNode": 98, "toNode": 119, "delay": 0.22, "capacity": 800}, {"fromNode": 98, "toNode": 212, "delay": 0.01, "capacity": 1000}, {"fromNode": 98, "toNode": 328, "delay": 0.22, "capacity": 800}, {"fromNode": 215, "toNode": 47, "delay": 0.01, "capacity": 1000}, {"fromNode": 45, "toNode": 140, "delay": 0.01, "capacity": 1000}, {"fromNode": 482, "toNode": 141, "delay": 0.22, "capacity": 800}, {"fromNode": 52, "toNode": 84, "delay": 0.01, "capacity": 1000}, {"fromNode": 46, "toNode": 86, "delay": 0.01, "capacity": 1000}, {"fromNode": 156, "toNode": 97, "delay": 0.01, "capacity": 1000}, {"fromNode": 28, "toNode": 92, "delay": 0.01, "capacity": 1000}, {"fromNode": 62, "toNode": 94, "delay": 0.01, "capacity": 1000}, {"fromNode": 13, "toNode": 115, "delay": 0.29, "capacity": 400}, {"fromNode": 239, "toNode": 103, "delay": 0.01, "capacity": 1000}, {"fromNode": 359, "toNode": 116, "delay": 0.01, "capacity": 1000}, {"fromNode": 7, "toNode": 18, "delay": 0.29, "capacity": 400}, {"fromNode": 7, "toNode": 286, "delay": 0.29, "capacity": 400}, {"fromNode": 7, "toNode": 435, "delay": 0.29, "capacity": 400}, {"fromNode": 87, "toNode": 22, "delay": 0.29, "capacity": 400}, {"fromNode": 87, "toNode": 494, "delay": 0.29, "capacity": 400}, {"fromNode": 91, "toNode": 99, "delay": 0.01, "capacity": 1000}, {"fromNode": 37, "toNode": 70, "delay": 0.01, "capacity": 1000}, {"fromNode": 37, "toNode": 106, "delay": 0.01, "capacity": 1000}, {"fromNode": 37, "toNode": 479, "delay": 0.29, "capacity": 400}, {"fromNode": 60, "toNode": 90, "delay": 0.01, "capacity": 1000}, {"fromNode": 162, "toNode": 2, "delay": 0.01, "capacity": 1000}, {"fromNode": 162, "toNode": 111, "delay": 0.29, "capacity": 400}, {"fromNode": 162, "toNode": 193, "delay": 0.01, "capacity": 1000}, {"fromNode": 66, "toNode": 154, "delay": 0.01, "capacity": 1000}, {"fromNode": 397, "toNode": 27, "delay": 0.29, "capacity": 400}, {"fromNode": 397, "toNode": 331, "delay": 0.29, "capacity": 400}, {"fromNode": 397, "toNode": 363, "delay": 0.01, "capacity": 1000}, {"fromNode": 422, "toNode": 48, "delay": 0.01, "capacity": 1000}, {"fromNode": 15, "toNode": 135, "delay": 0.29, "capacity": 400}, {"fromNode": 58, "toNode": 145, "delay": 0.01, "capacity": 1000}, {"fromNode": 71, "toNode": 125, "delay": 0.01, "capacity": 1000}, {"fromNode": 31, "toNode": 166, "delay": 0.01, "capacity": 1000}, {"fromNode": 146, "toNode": 179, "delay": 0.01, "capacity": 1000}, {"fromNode": 364, "toNode": 194, "delay": 0.29, "capacity": 400}, {"fromNode": 32, "toNode": 144, "delay": 0.01, "capacity": 1000}, {"fromNode": 80, "toNode": 153, "delay": 0.01, "capacity": 1000}, {"fromNode": 96, "toNode": 152, "delay": 0.29, "capacity": 400}, {"fromNode": 347, "toNode": 12, "delay": 0.01, "capacity": 1000}, {"fromNode": 347, "toNode": 142, "delay": 0.01, "capacity": 1000}, {"fromNode": 100, "toNode": 195, "delay": 0.01, "capacity": 1000}, {"fromNode": 213, "toNode": 155, "delay": 0.29, "capacity": 400}, {"fromNode": 421, "toNode": 182, "delay": 0.01, "capacity": 1000}, {"fromNode": 73, "toNode": 150, "delay": 0.29, "capacity": 400}, {"fromNode": 4, "toNode": 88, "delay": 0.01, "capacity": 1000}, {"fromNode": 36, "toNode": 109, "delay": 0.01, "capacity": 1000}, {"fromNode": 131, "toNode": 108, "delay": 0.01, "capacity": 1000}, {"fromNode": 131, "toNode": 438, "delay": 0.29, "capacity": 400}, {"fromNode": 131, "toNode": 451, "delay": 0.01, "capacity": 1000}, {"fromNode": 19, "toNode": 127, "delay": 0.29, "capacity": 400}, {"fromNode": 128, "toNode": 89, "delay": 0.01, "capacity": 1000}, {"fromNode": 128, "toNode": 388, "delay": 0.01, "capacity": 1000}, {"fromNode": 128, "toNode": 404, "delay": 0.01, "capacity": 1000}, {"fromNode": 164, "toNode": 49, "delay": 0.01, "capacity": 1000}, {"fromNode": 9, "toNode": 34, "delay": 0.29, "capacity": 400}, {"fromNode": 9, "toNode": 360, "delay": 0.01, "capacity": 1000}, {"fromNode": 9, "toNode": 380, "delay": 0.29, "capacity": 400}, {"fromNode": 16, "toNode": 33, "delay": 0.29, "capacity": 400}, {"fromNode": 16, "toNode": 487, "delay": 0.01, "capacity": 1000}, {"fromNode": 50, "toNode": 104, "delay": 0.29, "capacity": 400}, {"fromNode": 68, "toNode": 105, "delay": 0.01, "capacity": 1000}, {"fromNode": 500, "toNode": 126, "delay": 0.29, "capacity": 400}, {"fromNode": 72, "toNode": 107, "delay": 0.01, "capacity": 1000}, {"fromNode": 72, "toNode": 285, "delay": 0.01, "capacity": 1000}, {"fromNode": 79, "toNode": 113, "delay": 0.01, "capacity": 1000}, {"fromNode": 67, "toNode": 157, "delay": 0.29, "capacity": 400}, {"fromNode": 29, "toNode": 148, "delay": 0.29, "capacity": 400}, {"fromNode": 149, "toNode": 160, "delay": 0.01, "capacity": 1000}, {"fromNode": 74, "toNode": 199, "delay": 0.01, "capacity": 1000}, {"fromNode": 83, "toNode": 161, "delay": 0.01, "capacity": 1000}, {"fromNode": 56, "toNode": 76, "delay": 0.29, "capacity": 400}, {"fromNode": 56, "toNode": 277, "delay": 0.29, "capacity": 400}, {"fromNode": 170, "toNode": 187, "delay": 0.29, "capacity": 400}, {"fromNode": 172, "toNode": 43, "delay": 0.29, "capacity": 400}, {"fromNode": 172, "toNode": 54, "delay": 0.01, "capacity": 1000}, {"fromNode": 172, "toNode": 65, "delay": 0.29, "capacity": 400}, {"fromNode": 121, "toNode": 184, "delay": 0.01, "capacity": 1000}, {"fromNode": 124, "toNode": 26, "delay": 0.01, "capacity": 1000}, {"fromNode": 124, "toNode": 55, "delay": 0.01, "capacity": 1000}, {"fromNode": 124, "toNode": 57, "delay": 0.01, "capacity": 1000}, {"fromNode": 217, "toNode": 30, "delay": 0.29, "capacity": 400}, {"fromNode": 217, "toNode": 44, "delay": 0.01, "capacity": 1000}, {"fromNode": 217, "toNode": 82, "delay": 0.01, "capacity": 1000}, {"fromNode": 118, "toNode": 196, "delay": 0.01, "capacity": 1000}, {"fromNode": 197, "toNode": 64, "delay": 0.29, "capacity": 400}, {"fromNode": 122, "toNode": 168, "delay": 0.01, "capacity": 1000}, {"fromNode": 138, "toNode": 211, "delay": 0.01, "capacity": 1000}, {"fromNode": 457, "toNode": 81, "delay": 0.29, "capacity": 400}, {"fromNode": 139, "toNode": 234, "delay": 0.29, "capacity": 400}, {"fromNode": 119, "toNode": 112, "delay": 0.01, "capacity": 1000}, {"fromNode": 212, "toNode": 120, "delay": 0.01, "capacity": 1000}, {"fromNode": 328, "toNode": 183, "delay": 0.01, "capacity": 1000}, {"fromNode": 47, "toNode": 132, "delay": 0.01, "capacity": 1000}, {"fromNode": 140, "toNode": 236, "delay": 0.01, "capacity": 1000}, {"fromNode": 141, "toNode": 188, "delay": 0.01, "capacity": 1000}, {"fromNode": 84, "toNode": 167, "delay": 0.29, "capacity": 400}, {"fromNode": 86, "toNode": 147, "delay": 0.29, "capacity": 400}, {"fromNode": 97, "toNode": 158, "delay": 0.01, "capacity": 1000}, {"fromNode": 92, "toNode": 177, "delay": 0.01, "capacity": 1000}, {"fromNode": 94, "toNode": 163, "delay": 0.29, "capacity": 400}, {"fromNode": 115, "toNode": 208, "delay": 0.01, "capacity": 1000}, {"fromNode": 103, "toNode": 178, "delay": 0.01, "capacity": 1000}, {"fromNode": 116, "toNode": 209, "delay": 0.01, "capacity": 1000}, {"fromNode": 18, "toNode": 165, "delay": 0.01, "capacity": 1000}, {"fromNode": 18, "toNode": 173, "delay": 0.163, "capacity": 200}, {"fromNode": 18, "toNode": 284, "delay": 0.01, "capacity": 1000}, {"fromNode": 286, "toNode": 200, "delay": 0.01, "capacity": 1000}, {"fromNode": 286, "toNode": 431, "delay": 0.01, "capacity": 1000}, {"fromNode": 435, "toNode": 201, "delay": 0.01, "capacity": 1000}, {"fromNode": 22, "toNode": 129, "delay": 0.01, "capacity": 1000}, {"fromNode": 494, "toNode": 51, "delay": 0.01, "capacity": 1000}, {"fromNode": 99, "toNode": 169, "delay": 0.01, "capacity": 1000}, {"fromNode": 70, "toNode": 130, "delay": 0.01, "capacity": 1000}, {"fromNode": 106, "toNode": 159, "delay": 0.163, "capacity": 200}, {"fromNode": 479, "toNode": 174, "delay": 0.01, "capacity": 1000}, {"fromNode": 90, "toNode": 176, "delay": 0.163, "capacity": 200}, {"fromNode": 2, "toNode": 205, "delay": 0.163, "capacity": 200}, {"fromNode": 111, "toNode": 219, "delay": 0.163, "capacity": 200}, {"fromNode": 193, "toNode": 222, "delay": 0.163, "capacity": 200}, {"fromNode": 154, "toNode": 237, "delay": 0.01, "capacity": 1000}, {"fromNode": 27, "toNode": 95, "delay": 0.01, "capacity": 1000}, {"fromNode": 331, "toNode": 123, "delay": 0.01, "capacity": 1000}, {"fromNode": 363, "toNode": 137, "delay": 0.163, "capacity": 200}, {"fromNode": 48, "toNode": 143, "delay": 0.01, "capacity": 1000}, {"fromNode": 135, "toNode": 223, "delay": 0.01, "capacity": 1000}, {"fromNode": 145, "toNode": 180, "delay": 0.163, "capacity": 200}, {"fromNode": 125, "toNode": 181, "delay": 0.163, "capacity": 200}, {"fromNode": 166, "toNode": 224, "delay": 0.163, "capacity": 200}, {"fromNode": 179, "toNode": 225, "delay": 0.01, "capacity": 1000}, {"fromNode": 194, "toNode": 238, "delay": 0.01, "capacity": 1000}, {"fromNode": 144, "toNode": 192, "delay": 0.163, "capacity": 200}, {"fromNode": 153, "toNode": 175, "delay": 0.163, "capacity": 200}, {"fromNode": 152, "toNode": 235, "delay": 0.163, "capacity": 200}, {"fromNode": 12, "toNode": 186, "delay": 0.01, "capacity": 1000}, {"fromNode": 142, "toNode": 210, "delay": 0.01, "capacity": 1000}, {"fromNode": 195, "toNode": 231, "delay": 0.163, "capacity": 200}, {"fromNode": 155, "toNode": 249, "delay": 0.01, "capacity": 1000}, {"fromNode": 182, "toNode": 250, "delay": 0.163, "capacity": 200}, {"fromNode": 150, "toNode": 185, "delay": 0.01, "capacity": 1000}, {"fromNode": 88, "toNode": 228, "delay": 0.163, "capacity": 200}, {"fromNode": 109, "toNode": 202, "delay": 0.163, "capacity": 200}, {"fromNode": 108, "toNode": 204, "delay": 0.163, "capacity": 200}, {"fromNode": 438, "toNode": 242, "delay": 0.01, "capacity": 1000}, {"fromNode": 451, "toNode": 230, "delay": 0.163, "capacity": 200}, {"fromNode": 127, "toNode": 191, "delay": 0.01, "capacity": 1000}, {"fromNode": 89, "toNode": 267, "delay": 0.01, "capacity": 1000}, {"fromNode": 388, "toNode": 269, "delay": 0.163, "capacity": 200}, {"fromNode": 404, "toNode": 287, "delay": 0.163, "capacity": 200}, {"fromNode": 49, "toNode": 227, "delay": 0.163, "capacity": 200}, {"fromNode": 34, "toNode": 241, "delay": 0.01, "capacity": 1000}, {"fromNode": 360, "toNode": 254, "delay": 0.163, "capacity": 200}, {"fromNode": 380, "toNode": 297, "delay": 0.01, "capacity": 1000}, {"fromNode": 33, "toNode": 190, "delay": 0.01, "capacity": 1000}, {"fromNode": 487, "toNode": 255, "delay": 0.163, "capacity": 200}, {"fromNode": 104, "toNode": 206, "delay": 0.163, "capacity": 200}, {"fromNode": 105, "toNode": 203, "delay": 0.163, "capacity": 200}, {"fromNode": 126, "toNode": 207, "delay": 0.163, "capacity": 200}, {"fromNode": 107, "toNode": 214, "delay": 0.163, "capacity": 200}, {"fromNode": 285, "toNode": 256, "delay": 0.163, "capacity": 200}, {"fromNode": 113, "toNode": 262, "delay": 0.01, "capacity": 1000}, {"fromNode": 157, "toNode": 240, "delay": 0.01, "capacity": 1000}, {"fromNode": 148, "toNode": 221, "delay": 0.163, "capacity": 200}, {"fromNode": 160, "toNode": 226, "delay": 0.163, "capacity": 200}, {"fromNode": 199, "toNode": 246, "delay": 0.163, "capacity": 200}, {"fromNode": 161, "toNode": 229, "delay": 0.163, "capacity": 200}, {"fromNode": 76, "toNode": 10, "delay": 0.01, "capacity": 1000}, {"fromNode": 76, "toNode": 366, "delay": 0.163, "capacity": 200}, {"fromNode": 277, "toNode": 75, "delay": 0.01, "capacity": 1000}, {"fromNode": 187, "toNode": 117, "delay": 0.01, "capacity": 1000}, {"fromNode": 43, "toNode": 77, "delay": 0.01, "capacity": 1000}, {"fromNode": 54, "toNode": 136, "delay": 0.163, "capacity": 200}, {"fromNode": 65, "toNode": 151, "delay": 0.163, "capacity": 200}, {"fromNode": 184, "toNode": 251, "delay": 0.163, "capacity": 200}, {"fromNode": 26, "toNode": 189, "delay": 0.01, "capacity": 1000}, {"fromNode": 55, "toNode": 198, "delay": 0.163, "capacity": 200}, {"fromNode": 57, "toNode": 218, "delay": 0.163, "capacity": 200}, {"fromNode": 30, "toNode": 233, "delay": 0.01, "capacity": 1000}, {"fromNode": 44, "toNode": 252, "delay": 0.163, "capacity": 200}, {"fromNode": 82, "toNode": 253, "delay": 0.163, "capacity": 200}, {"fromNode": 196, "toNode": 263, "delay": 0.01, "capacity": 1000}, {"fromNode": 64, "toNode": 264, "delay": 0.01, "capacity": 1000}, {"fromNode": 168, "toNode": 220, "delay": 0.163, "capacity": 200}, {"fromNode": 211, "toNode": 273, "delay": 0.163, "capacity": 200}, {"fromNode": 81, "toNode": 261, "delay": 0.163, "capacity": 200}, {"fromNode": 234, "toNode": 272, "delay": 0.01, "capacity": 1000}, {"fromNode": 112, "toNode": 279, "delay": 0.163, "capacity": 200}, {"fromNode": 120, "toNode": 289, "delay": 0.163, "capacity": 200}, {"fromNode": 183, "toNode": 283, "delay": 0.163, "capacity": 200}, {"fromNode": 132, "toNode": 282, "delay": 0.163, "capacity": 200}, {"fromNode": 236, "toNode": 243, "delay": 0.163, "capacity": 200}, {"fromNode": 188, "toNode": 248, "delay": 0.163, "capacity": 200}, {"fromNode": 167, "toNode": 244, "delay": 0.163, "capacity": 200}, {"fromNode": 147, "toNode": 257, "delay": 0.01, "capacity": 1000}, {"fromNode": 158, "toNode": 305, "delay": 0.163, "capacity": 200}, {"fromNode": 177, "toNode": 258, "delay": 0.163, "capacity": 200}, {"fromNode": 163, "toNode": 260, "delay": 0.01, "capacity": 1000}, {"fromNode": 208, "toNode": 245, "delay": 0.01, "capacity": 1000}, {"fromNode": 178, "toNode": 259, "delay": 0.163, "capacity": 100}, {"fromNode": 209, "toNode": 271, "delay": 0.163, "capacity": 100}, {"fromNode": 165, "toNode": 306, "delay": 0.01, "capacity": 1000}, {"fromNode": 173, "toNode": 265, "delay": 0.01, "capacity": 1000}, {"fromNode": 284, "toNode": 298, "delay": 0.163, "capacity": 100}, {"fromNode": 200, "toNode": 308, "delay": 0.01, "capacity": 1000}, {"fromNode": 431, "toNode": 319, "delay": 0.163, "capacity": 100}, {"fromNode": 201, "toNode": 300, "delay": 0.01, "capacity": 1000}, {"fromNode": 129, "toNode": 268, "delay": 0.163, "capacity": 100}, {"fromNode": 51, "toNode": 334, "delay": 0.163, "capacity": 100}, {"fromNode": 169, "toNode": 291, "delay": 0.163, "capacity": 100}, {"fromNode": 130, "toNode": 288, "delay": 0.163, "capacity": 100}, {"fromNode": 159, "toNode": 309, "delay": 0.01, "capacity": 1000}, {"fromNode": 174, "toNode": 342, "delay": 0.163, "capacity": 100}, {"fromNode": 176, "toNode": 270, "delay": 0.01, "capacity": 1000}, {"fromNode": 205, "toNode": 299, "delay": 0.01, "capacity": 1000}, {"fromNode": 219, "toNode": 323, "delay": 0.01, "capacity": 1000}, {"fromNode": 222, "toNode": 321, "delay": 0.01, "capacity": 1000}, {"fromNode": 237, "toNode": 281, "delay": 0.163, "capacity": 100}, {"fromNode": 95, "toNode": 295, "delay": 0.01, "capacity": 1000}, {"fromNode": 123, "toNode": 294, "delay": 0.163, "capacity": 100}, {"fromNode": 137, "toNode": 336, "delay": 0.01, "capacity": 1000}, {"fromNode": 143, "toNode": 348, "delay": 0.163, "capacity": 100}, {"fromNode": 223, "toNode": 266, "delay": 0.01, "capacity": 1000}, {"fromNode": 180, "toNode": 276, "delay": 0.01, "capacity": 1000}, {"fromNode": 181, "toNode": 275, "delay": 0.01, "capacity": 1000}, {"fromNode": 224, "toNode": 290, "delay": 0.01, "capacity": 1000}, {"fromNode": 225, "toNode": 296, "delay": 0.163, "capacity": 100}, {"fromNode": 238, "toNode": 301, "delay": 0.01, "capacity": 1000}, {"fromNode": 192, "toNode": 310, "delay": 0.01, "capacity": 1000}, {"fromNode": 175, "toNode": 293, "delay": 0.01, "capacity": 1000}, {"fromNode": 235, "toNode": 274, "delay": 0.01, "capacity": 1000}, {"fromNode": 186, "toNode": 370, "delay": 0.163, "capacity": 100}, {"fromNode": 210, "toNode": 390, "delay": 0.163, "capacity": 100}, {"fromNode": 231, "toNode": 302, "delay": 0.163, "capacity": 100}, {"fromNode": 249, "toNode": 280, "delay": 0.163, "capacity": 100}, {"fromNode": 250, "toNode": 314, "delay": 0.01, "capacity": 1000}, {"fromNode": 185, "toNode": 303, "delay": 0.163, "capacity": 100}, {"fromNode": 228, "toNode": 322, "delay": 0.01, "capacity": 1000}, {"fromNode": 202, "toNode": 307, "delay": 0.01, "capacity": 1000}, {"fromNode": 204, "toNode": 311, "delay": 0.01, "capacity": 1000}, {"fromNode": 242, "toNode": 335, "delay": 0.01, "capacity": 1000}, {"fromNode": 230, "toNode": 343, "delay": 0.01, "capacity": 1000}, {"fromNode": 191, "toNode": 318, "delay": 0.01, "capacity": 1000}, {"fromNode": 267, "toNode": 384, "delay": 0.01, "capacity": 1000}, {"fromNode": 269, "toNode": 353, "delay": 0.01, "capacity": 1000}, {"fromNode": 287, "toNode": 362, "delay": 0.163, "capacity": 100}, {"fromNode": 227, "toNode": 320, "delay": 0.01, "capacity": 1000}, {"fromNode": 241, "toNode": 349, "delay": 0.163, "capacity": 100}, {"fromNode": 254, "toNode": 381, "delay": 0.01, "capacity": 1000}, {"fromNode": 297, "toNode": 382, "delay": 0.163, "capacity": 100}, {"fromNode": 190, "toNode": 398, "delay": 0.163, "capacity": 100}, {"fromNode": 255, "toNode": 350, "delay": 0.01, "capacity": 1000}, {"fromNode": 206, "toNode": 325, "delay": 0.01, "capacity": 1000}, {"fromNode": 203, "toNode": 361, "delay": 0.01, "capacity": 1000}, {"fromNode": 207, "toNode": 326, "delay": 0.01, "capacity": 1000}, {"fromNode": 214, "toNode": 333, "delay": 0.01, "capacity": 1000}, {"fromNode": 256, "toNode": 383, "delay": 0.01, "capacity": 1000}, {"fromNode": 262, "toNode": 337, "delay": 0.01, "capacity": 1000}, {"fromNode": 240, "toNode": 317, "delay": 0.163, "capacity": 100}, {"fromNode": 221, "toNode": 351, "delay": 0.01, "capacity": 1000}, {"fromNode": 226, "toNode": 352, "delay": 0.01, "capacity": 1000}, {"fromNode": 246, "toNode": 304, "delay": 0.01, "capacity": 1000}, {"fromNode": 229, "toNode": 341, "delay": 0.163, "capacity": 100}, {"fromNode": 10, "toNode": 232, "delay": 0.163, "capacity": 100}, {"fromNode": 366, "toNode": 247, "delay": 0.01, "capacity": 1000}, {"fromNode": 75, "toNode": 278, "delay": 0.163, "capacity": 100}, {"fromNode": 117, "toNode": 312, "delay": 0.01, "capacity": 1000}, {"fromNode": 77, "toNode": 313, "delay": 0.163, "capacity": 100}, {"fromNode": 136, "toNode": 389, "delay": 0.01, "capacity": 1000}, {"fromNode": 151, "toNode": 316, "delay": 0.01, "capacity": 1000}, {"fromNode": 251, "toNode": 338, "delay": 0.01, "capacity": 1000}, {"fromNode": 189, "toNode": 315, "delay": 0.163, "capacity": 100}, {"fromNode": 198, "toNode": 330, "delay": 0.163, "capacity": 100}, {"fromNode": 218, "toNode": 332, "delay": 0.01, "capacity": 1000}, {"fromNode": 233, "toNode": 340, "delay": 0.01, "capacity": 1000}, {"fromNode": 252, "toNode": 358, "delay": 0.01, "capacity": 1000}, {"fromNode": 253, "toNode": 379, "delay": 0.163, "capacity": 100}, {"fromNode": 263, "toNode": 327, "delay": 0.163, "capacity": 100}, {"fromNode": 264, "toNode": 375, "delay": 0.01, "capacity": 1000}, {"fromNode": 220, "toNode": 367, "delay": 0.01, "capacity": 1000}, {"fromNode": 273, "toNode": 346, "delay": 0.163, "capacity": 100}, {"fromNode": 261, "toNode": 413, "delay": 0.01, "capacity": 1000}, {"fromNode": 272, "toNode": 324, "delay": 0.01, "capacity": 1000}, {"fromNode": 279, "toNode": 356, "delay": 0.01, "capacity": 1000}, {"fromNode": 289, "toNode": 407, "delay": 0.163, "capacity": 100}, {"fromNode": 283, "toNode": 376, "delay": 0.01, "capacity": 1000}, {"fromNode": 282, "toNode": 394, "delay": 0.01, "capacity": 1000}, {"fromNode": 243, "toNode": 339, "delay": 0.01, "capacity": 1000}, {"fromNode": 248, "toNode": 423, "delay": 0.01, "capacity": 1000}, {"fromNode": 244, "toNode": 329, "delay": 0.01, "capacity": 1000}, {"fromNode": 257, "toNode": 354, "delay": 0.163, "capacity": 100}, {"fromNode": 305, "toNode": 410, "delay": 0.01, "capacity": 1000}, {"fromNode": 258, "toNode": 385, "delay": 0.01, "capacity": 1000}, {"fromNode": 260, "toNode": 355, "delay": 0.01, "capacity": 1000}, {"fromNode": 245, "toNode": 345, "delay": 0.01, "capacity": 1000}, {"fromNode": 259, "toNode": 365, "delay": 0.01, "capacity": 1000}, {"fromNode": 271, "toNode": 368, "delay": 0.01, "capacity": 1000}, {"fromNode": 306, "toNode": 411, "delay": 0.163, "capacity": 100}, {"fromNode": 265, "toNode": 420, "delay": 0.01, "capacity": 1000}, {"fromNode": 298, "toNode": 441, "delay": 0.01, "capacity": 1000}, {"fromNode": 308, "toNode": 386, "delay": 0.163, "capacity": 100}, {"fromNode": 319, "toNode": 445, "delay": 0.01, "capacity": 1000}, {"fromNode": 300, "toNode": 371, "delay": 0.01, "capacity": 1000}, {"fromNode": 268, "toNode": 387, "delay": 0.01, "capacity": 1000}, {"fromNode": 334, "toNode": 395, "delay": 0.01, "capacity": 1000}, {"fromNode": 291, "toNode": 372, "delay": 0.163, "capacity": 100}, {"fromNode": 288, "toNode": 415, "delay": 0.01, "capacity": 1000}, {"fromNode": 309, "toNode": 403, "delay": 0.01, "capacity": 1000}, {"fromNode": 342, "toNode": 416, "delay": 0.163, "capacity": 100}, {"fromNode": 270, "toNode": 425, "delay": 0.01, "capacity": 1000}, {"fromNode": 299, "toNode": 426, "delay": 0.01, "capacity": 1000}, {"fromNode": 323, "toNode": 432, "delay": 0.01, "capacity": 1000}, {"fromNode": 321, "toNode": 448, "delay": 0.163, "capacity": 100}, {"fromNode": 281, "toNode": 419, "delay": 0.01, "capacity": 1000}, {"fromNode": 295, "toNode": 357, "delay": 0.01, "capacity": 1000}, {"fromNode": 294, "toNode": 429, "delay": 0.01, "capacity": 1000}, {"fromNode": 336, "toNode": 444, "delay": 0.01, "capacity": 1000}, {"fromNode": 348, "toNode": 428, "delay": 0.01, "capacity": 1000}, {"fromNode": 266, "toNode": 450, "delay": 0.01, "capacity": 1000}, {"fromNode": 276, "toNode": 377, "delay": 0.01, "capacity": 1000}, {"fromNode": 275, "toNode": 399, "delay": 0.163, "capacity": 100}, {"fromNode": 290, "toNode": 405, "delay": 0.01, "capacity": 1000}, {"fromNode": 296, "toNode": 455, "delay": 0.01, "capacity": 1000}, {"fromNode": 301, "toNode": 412, "delay": 0.163, "capacity": 100}, {"fromNode": 310, "toNode": 460, "delay": 0.01, "capacity": 1000}, {"fromNode": 293, "toNode": 369, "delay": 0.01, "capacity": 1000}, {"fromNode": 274, "toNode": 373, "delay": 0.01, "capacity": 1000}, {"fromNode": 370, "toNode": 418, "delay": 0.01, "capacity": 1000}, {"fromNode": 302, "toNode": 374, "delay": 0.01, "capacity": 1000}, {"fromNode": 280, "toNode": 393, "delay": 0.01, "capacity": 1000}, {"fromNode": 314, "toNode": 401, "delay": 0.01, "capacity": 1000}, {"fromNode": 303, "toNode": 414, "delay": 0.01, "capacity": 1000}, {"fromNode": 322, "toNode": 458, "delay": 0.01, "capacity": 1000}, {"fromNode": 307, "toNode": 430, "delay": 0.01, "capacity": 1000}, {"fromNode": 311, "toNode": 433, "delay": 0.01, "capacity": 1000}, {"fromNode": 335, "toNode": 436, "delay": 0.01, "capacity": 1000}, {"fromNode": 343, "toNode": 464, "delay": 0.01, "capacity": 1000}, {"fromNode": 318, "toNode": 469, "delay": 0.163, "capacity": 100}, {"fromNode": 384, "toNode": 424, "delay": 0.01, "capacity": 1000}, {"fromNode": 353, "toNode": 468, "delay": 0.01, "capacity": 1000}, {"fromNode": 362, "toNode": 472, "delay": 0.01, "capacity": 1000}, {"fromNode": 320, "toNode": 447, "delay": 0.01, "capacity": 1000}, {"fromNode": 349, "toNode": 491, "delay": 0.01, "capacity": 1000}, {"fromNode": 381, "toNode": 483, "delay": 0.01, "capacity": 1000}, {"fromNode": 382, "toNode": 437, "delay": 0.01, "capacity": 1000}, {"fromNode": 398, "toNode": 490, "delay": 0.01, "capacity": 1000}, {"fromNode": 350, "toNode": 449, "delay": 0.163, "capacity": 100}, {"fromNode": 325, "toNode": 453, "delay": 0.01, "capacity": 1000}, {"fromNode": 361, "toNode": 492, "delay": 0.01, "capacity": 1000}, {"fromNode": 326, "toNode": 446, "delay": 0.01, "capacity": 1000}, {"fromNode": 333, "toNode": 475, "delay": 0.163, "capacity": 100}, {"fromNode": 383, "toNode": 493, "delay": 0.01, "capacity": 1000}, {"fromNode": 337, "toNode": 417, "delay": 0.163, "capacity": 100}, {"fromNode": 317, "toNode": 402, "delay": 0.01, "capacity": 1000}, {"fromNode": 351, "toNode": 461, "delay": 0.163, "capacity": 100}, {"fromNode": 352, "toNode": 465, "delay": 0.01, "capacity": 1000}, {"fromNode": 304, "toNode": 434, "delay": 0.01, "capacity": 1000}, {"fromNode": 341, "toNode": 474, "delay": 0.01, "capacity": 1000}, {"fromNode": 232, "toNode": 440, "delay": 0.01, "capacity": 1000}, {"fromNode": 247, "toNode": 462, "delay": 0.01, "capacity": 1000}, {"fromNode": 278, "toNode": 466, "delay": 0.01, "capacity": 1000}, {"fromNode": 312, "toNode": 478, "delay": 0.01, "capacity": 1000}, {"fromNode": 313, "toNode": 481, "delay": 0.01, "capacity": 1000}, {"fromNode": 316, "toNode": 473, "delay": 0.01, "capacity": 1000}, {"fromNode": 338, "toNode": 456, "delay": 0.01, "capacity": 1000}, {"fromNode": 315, "toNode": 427, "delay": 0.01, "capacity": 1000}, {"fromNode": 330, "toNode": 439, "delay": 0.01, "capacity": 1000}, {"fromNode": 332, "toNode": 454, "delay": 0.01, "capacity": 1000}, {"fromNode": 358, "toNode": 452, "delay": 0.01, "capacity": 1000}, {"fromNode": 379, "toNode": 409, "delay": 0.01, "capacity": 1000}, {"fromNode": 327, "toNode": 459, "delay": 0.163, "capacity": 100}, {"fromNode": 375, "toNode": 463, "delay": 0.163, "capacity": 100}, {"fromNode": 367, "toNode": 471, "delay": 0.01, "capacity": 1000}, {"fromNode": 346, "toNode": 443, "delay": 0.01, "capacity": 1000}, {"fromNode": 324, "toNode": 467, "delay": 0.163, "capacity": 100}, {"fromNode": 356, "toNode": 488, "delay": 0.01, "capacity": 1000}, {"fromNode": 407, "toNode": 495, "delay": 0.01, "capacity": 1000}, {"fromNode": 376, "toNode": 480, "delay": 0.01, "capacity": 1000}, {"fromNode": 394, "toNode": 476, "delay": 0.01, "capacity": 1000}, {"fromNode": 339, "toNode": 470, "delay": 0.01, "capacity": 1000}, {"fromNode": 329, "toNode": 489, "delay": 0.01, "capacity": 1000}, {"fromNode": 354, "toNode": 486, "delay": 0.01, "capacity": 1000}, {"fromNode": 410, "toNode": 496, "delay": 0.163, "capacity": 100}, {"fromNode": 411, "toNode": 499, "delay": 0.01, "capacity": 1000}, {"fromNode": 441, "toNode": 497, "delay": 0.01, "capacity": 1000}, {"fromNode": 386, "toNode": 484, "delay": 0.01, "capacity": 1000}, {"fromNode": 387, "toNode": 485, "delay": 0.01, "capacity": 1000}, {"fromNode": 395, "toNode": 477, "delay": 0.01, "capacity": 1000}, {"fromNode": 403, "toNode": 498, "delay": 0.01, "capacity": 1000}, {"fromNode": 416, "toNode": 501, "delay": 0.163, "capacity": 100}, {"fromNode": 396, "toNode": 8, "delay": 0.163, "capacity": 1000}, {"fromNode": 78, "toNode": 85, "delay": 0.163, "capacity": 1000}, {"fromNode": 114, "toNode": 93, "delay": 0.163, "capacity": 1000}, {"fromNode": 392, "toNode": 5, "delay": 0.163, "capacity": 1000}, {"fromNode": 408, "toNode": 6, "delay": 0.163, "capacity": 1000}, {"fromNode": 408, "toNode": 40, "delay": 0.163, "capacity": 1000}, {"fromNode": 408, "toNode": 20, "delay": 0.163, "capacity": 1000}, {"fromNode": 392, "toNode": 292, "delay": 0.163, "capacity": 1000}, {"fromNode": 392, "toNode": 391, "delay": 0.163, "capacity": 1000}, {"fromNode": 392, "toNode": 21, "delay": 0.163, "capacity": 1000}, {"fromNode": 396, "toNode": 23, "delay": 0.163, "capacity": 1000}, {"fromNode": 408, "toNode": 42, "delay": 0.163, "capacity": 1000}, {"fromNode": 114, "toNode": 110, "delay": 0.163, "capacity": 1000}, {"fromNode": 114, "toNode": 17, "delay": 0.163, "capacity": 1000}, {"fromNode": 114, "toNode": 69, "delay": 0.163, "capacity": 1000}, {"fromNode": 78, "toNode": 35, "delay": 0.163, "capacity": 1000}, {"fromNode": 392, "toNode": 24, "delay": 0.163, "capacity": 1000}, {"fromNode": 408, "toNode": 14, "delay": 0.163, "capacity": 1000}, {"fromNode": 408, "toNode": 59, "delay": 0.163, "capacity": 1000}, {"fromNode": 408, "toNode": 39, "delay": 0.163, "capacity": 1000}, {"fromNode": 392, "toNode": 102, "delay": 0.163, "capacity": 1000}, {"fromNode": 392, "toNode": 3, "delay": 0.163, "capacity": 1000}, {"fromNode": 392, "toNode": 406, "delay": 0.163, "capacity": 1000}, {"fromNode": 392, "toNode": 11, "delay": 0.163, "capacity": 1000}, {"fromNode": 392, "toNode": 98, "delay": 0.163, "capacity": 1000}, {"fromNode": 400, "toNode": 215, "delay": 0.163, "capacity": 1000}, {"fromNode": 396, "toNode": 45, "delay": 0.163, "capacity": 1000}, {"fromNode": 61, "toNode": 52, "delay": 0.163, "capacity": 1000}, {"fromNode": 78, "toNode": 46, "delay": 0.163, "capacity": 1000}, {"fromNode": 408, "toNode": 62, "delay": 0.163, "capacity": 1000}, {"fromNode": 59, "toNode": 13, "delay": 0.22, "capacity": 800}, {"fromNode": 59, "toNode": 239, "delay": 0.22, "capacity": 800}, {"fromNode": 59, "toNode": 359, "delay": 0.22, "capacity": 800}, {"fromNode": 46, "toNode": 7, "delay": 0.22, "capacity": 800}, {"fromNode": 69, "toNode": 87, "delay": 0.22, "capacity": 800}, {"fromNode": 69, "toNode": 37, "delay": 0.22, "capacity": 800}, {"fromNode": 69, "toNode": 60, "delay": 0.22, "capacity": 800}, {"fromNode": 69, "toNode": 162, "delay": 0.22, "capacity": 800}, {"fromNode": 101, "toNode": 66, "delay": 0.22, "capacity": 800}, {"fromNode": 406, "toNode": 397, "delay": 0.22, "capacity": 800}, {"fromNode": 406, "toNode": 422, "delay": 0.22, "capacity": 800}, {"fromNode": 59, "toNode": 15, "delay": 0.22, "capacity": 800}, {"fromNode": 59, "toNode": 58, "delay": 0.22, "capacity": 800}, {"fromNode": 41, "toNode": 71, "delay": 0.22, "capacity": 800}, {"fromNode": 59, "toNode": 31, "delay": 0.22, "capacity": 800}, {"fromNode": 59, "toNode": 146, "delay": 0.22, "capacity": 800}, {"fromNode": 59, "toNode": 364, "delay": 0.22, "capacity": 800}, {"fromNode": 28, "toNode": 32, "delay": 0.22, "capacity": 800}, {"fromNode": 11, "toNode": 80, "delay": 0.22, "capacity": 800}, {"fromNode": 215, "toNode": 96, "delay": 0.22, "capacity": 800}, {"fromNode": 482, "toNode": 347, "delay": 0.22, "capacity": 800}, {"fromNode": 23, "toNode": 100, "delay": 0.22, "capacity": 800}, {"fromNode": 215, "toNode": 213, "delay": 0.22, "capacity": 800}, {"fromNode": 215, "toNode": 421, "delay": 0.22, "capacity": 800}, {"fromNode": 20, "toNode": 73, "delay": 0.22, "capacity": 800}, {"fromNode": 41, "toNode": 4, "delay": 0.22, "capacity": 800}, {"fromNode": 41, "toNode": 36, "delay": 0.22, "capacity": 800}, {"fromNode": 41, "toNode": 131, "delay": 0.22, "capacity": 800}, {"fromNode": 41, "toNode": 19, "delay": 0.22, "capacity": 800}, {"fromNode": 69, "toNode": 128, "delay": 0.22, "capacity": 800}, {"fromNode": 69, "toNode": 164, "delay": 0.22, "capacity": 800}, {"fromNode": 69, "toNode": 9, "delay": 0.22, "capacity": 800}, {"fromNode": 69, "toNode": 16, "delay": 0.22, "capacity": 800}, {"fromNode": 69, "toNode": 50, "delay": 0.22, "capacity": 800}, {"fromNode": 35, "toNode": 68, "delay": 0.22, "capacity": 800}, {"fromNode": 46, "toNode": 79, "delay": 0.22, "capacity": 800}, {"fromNode": 20, "toNode": 67, "delay": 0.22, "capacity": 800}, {"fromNode": 14, "toNode": 74, "delay": 0.22, "capacity": 800}, {"fromNode": 28, "toNode": 83, "delay": 0.22, "capacity": 800}, {"fromNode": 101, "toNode": 56, "delay": 0.22, "capacity": 800}, {"fromNode": 101, "toNode": 170, "delay": 0.22, "capacity": 800}, {"fromNode": 101, "toNode": 172, "delay": 0.22, "capacity": 800}, {"fromNode": 45, "toNode": 121, "delay": 0.22, "capacity": 800}, {"fromNode": 101, "toNode": 124, "delay": 0.22, "capacity": 800}, {"fromNode": 406, "toNode": 217, "delay": 0.22, "capacity": 800}, {"fromNode": 215, "toNode": 118, "delay": 0.22, "capacity": 800}, {"fromNode": 482, "toNode": 197, "delay": 0.22, "capacity": 800}, {"fromNode": 24, "toNode": 122, "delay": 0.22, "capacity": 800}, {"fromNode": 24, "toNode": 138, "delay": 0.22, "capacity": 800}, {"fromNode": 482, "toNode": 457, "delay": 0.22, "capacity": 800}, {"fromNode": 215, "toNode": 139, "delay": 0.22, "capacity": 800}, {"fromNode": 156, "toNode": 119, "delay": 0.22, "capacity": 800}, {"fromNode": 215, "toNode": 212, "delay": 0.22, "capacity": 800}, {"fromNode": 156, "toNode": 328, "delay": 0.22, "capacity": 800}, {"fromNode": 46, "toNode": 47, "delay": 0.22, "capacity": 800}, {"fromNode": 24, "toNode": 140, "delay": 0.22, "capacity": 800}, {"fromNode": 101, "toNode": 141, "delay": 0.22, "capacity": 800}, {"fromNode": 39, "toNode": 84, "delay": 0.22, "capacity": 800}, {"fromNode": 35, "toNode": 86, "delay": 0.22, "capacity": 800}, {"fromNode": 46, "toNode": 97, "delay": 0.22, "capacity": 800}, {"fromNode": 39, "toNode": 92, "delay": 0.22, "capacity": 800}, {"fromNode": 41, "toNode": 94, "delay": 0.22, "capacity": 800}, {"fromNode": 74, "toNode": 115, "delay": 0.29, "capacity": 400}, {"fromNode": 83, "toNode": 103, "delay": 0.29, "capacity": 400}, {"fromNode": 74, "toNode": 116, "delay": 0.29, "capacity": 400}, {"fromNode": 72, "toNode": 18, "delay": 0.29, "capacity": 400}, {"fromNode": 72, "toNode": 286, "delay": 0.29, "capacity": 400}, {"fromNode": 72, "toNode": 435, "delay": 0.29, "capacity": 400}, {"fromNode": 500, "toNode": 22, "delay": 0.29, "capacity": 400}, {"fromNode": 500, "toNode": 494, "delay": 0.29, "capacity": 400}, {"fromNode": 47, "toNode": 99, "delay": 0.29, "capacity": 400}, {"fromNode": 19, "toNode": 70, "delay": 0.29, "capacity": 400}, {"fromNode": 500, "toNode": 106, "delay": 0.29, "capacity": 400}, {"fromNode": 500, "toNode": 479, "delay": 0.29, "capacity": 400}, {"fromNode": 50, "toNode": 90, "delay": 0.29, "capacity": 400}, {"fromNode": 500, "toNode": 2, "delay": 0.29, "capacity": 400}, {"fromNode": 164, "toNode": 111, "delay": 0.29, "capacity": 400}, {"fromNode": 164, "toNode": 193, "delay": 0.29, "capacity": 400}, {"fromNode": 100, "toNode": 154, "delay": 0.29, "capacity": 400}, {"fromNode": 457, "toNode": 27, "delay": 0.29, "capacity": 400}, {"fromNode": 457, "toNode": 331, "delay": 0.29, "capacity": 400}, {"fromNode": 457, "toNode": 363, "delay": 0.29, "capacity": 400}, {"fromNode": 457, "toNode": 48, "delay": 0.29, "capacity": 400}, {"fromNode": 74, "toNode": 135, "delay": 0.29, "capacity": 400}, {"fromNode": 67, "toNode": 145, "delay": 0.29, "capacity": 400}, {"fromNode": 94, "toNode": 125, "delay": 0.29, "capacity": 400}, {"fromNode": 74, "toNode": 166, "delay": 0.29, "capacity": 400}, {"fromNode": 84, "toNode": 179, "delay": 0.29, "capacity": 400}, {"fromNode": 92, "toNode": 194, "delay": 0.29, "capacity": 400}, {"fromNode": 83, "toNode": 144, "delay": 0.29, "capacity": 400}, {"fromNode": 96, "toNode": 153, "delay": 0.29, "capacity": 400}, {"fromNode": 119, "toNode": 152, "delay": 0.29, "capacity": 400}, {"fromNode": 197, "toNode": 12, "delay": 0.29, "capacity": 400}, {"fromNode": 197, "toNode": 142, "delay": 0.29, "capacity": 400}, {"fromNode": 84, "toNode": 195, "delay": 0.29, "capacity": 400}, {"fromNode": 138, "toNode": 155, "delay": 0.29, "capacity": 400}, {"fromNode": 80, "toNode": 182, "delay": 0.29, "capacity": 400}, {"fromNode": 84, "toNode": 150, "delay": 0.29, "capacity": 400}, {"fromNode": 164, "toNode": 88, "delay": 0.29, "capacity": 400}, {"fromNode": 164, "toNode": 109, "delay": 0.29, "capacity": 400}, {"fromNode": 50, "toNode": 108, "delay": 0.29, "capacity": 400}, {"fromNode": 50, "toNode": 438, "delay": 0.29, "capacity": 400}, {"fromNode": 164, "toNode": 451, "delay": 0.29, "capacity": 400}, {"fromNode": 16, "toNode": 127, "delay": 0.29, "capacity": 400}, {"fromNode": 500, "toNode": 89, "delay": 0.29, "capacity": 400}, {"fromNode": 50, "toNode": 388, "delay": 0.29, "capacity": 400}, {"fromNode": 500, "toNode": 404, "delay": 0.29, "capacity": 400}, {"fromNode": 500, "toNode": 49, "delay": 0.29, "capacity": 400}, {"fromNode": 500, "toNode": 34, "delay": 0.29, "capacity": 400}, {"fromNode": 500, "toNode": 360, "delay": 0.29, "capacity": 400}, {"fromNode": 500, "toNode": 380, "delay": 0.29, "capacity": 400}, {"fromNode": 500, "toNode": 33, "delay": 0.29, "capacity": 400}, {"fromNode": 500, "toNode": 487, "delay": 0.29, "capacity": 400}, {"fromNode": 87, "toNode": 104, "delay": 0.29, "capacity": 400}, {"fromNode": 86, "toNode": 105, "delay": 0.29, "capacity": 400}, {"fromNode": 87, "toNode": 126, "delay": 0.29, "capacity": 400}, {"fromNode": 86, "toNode": 107, "delay": 0.29, "capacity": 400}, {"fromNode": 72, "toNode": 113, "delay": 0.29, "capacity": 400}, {"fromNode": 73, "toNode": 157, "delay": 0.29, "capacity": 400}, {"fromNode": 19, "toNode": 148, "delay": 0.01, "capacity": 1000}, {"fromNode": 164, "toNode": 160, "delay": 0.29, "capacity": 400}, {"fromNode": 364, "toNode": 199, "delay": 0.29, "capacity": 400}, {"fromNode": 36, "toNode": 161, "delay": 0.29, "capacity": 400}, {"fromNode": 170, "toNode": 76, "delay": 0.29, "capacity": 400}, {"fromNode": 170, "toNode": 277, "delay": 0.29, "capacity": 400}, {"fromNode": 141, "toNode": 187, "delay": 0.29, "capacity": 400}, {"fromNode": 138, "toNode": 184, "delay": 0.29, "capacity": 400}, {"fromNode": 457, "toNode": 26, "delay": 0.29, "capacity": 400}, {"fromNode": 457, "toNode": 55, "delay": 0.29, "capacity": 400}, {"fromNode": 457, "toNode": 57, "delay": 0.29, "capacity": 400}, {"fromNode": 197, "toNode": 30, "delay": 0.29, "capacity": 400}, {"fromNode": 457, "toNode": 44, "delay": 0.29, "capacity": 400}, {"fromNode": 197, "toNode": 82, "delay": 0.29, "capacity": 400}, {"fromNode": 139, "toNode": 196, "delay": 0.29, "capacity": 400}, {"fromNode": 457, "toNode": 64, "delay": 0.29, "capacity": 400}, {"fromNode": 73, "toNode": 168, "delay": 0.29, "capacity": 400}, {"fromNode": 118, "toNode": 211, "delay": 0.29, "capacity": 400}, {"fromNode": 197, "toNode": 81, "delay": 0.01, "capacity": 1000}, {"fromNode": 79, "toNode": 234, "delay": 0.29, "capacity": 400}, {"fromNode": 91, "toNode": 112, "delay": 0.29, "capacity": 400}, {"fromNode": 47, "toNode": 120, "delay": 0.29, "capacity": 400}, {"fromNode": 97, "toNode": 183, "delay": 0.29, "capacity": 400}, {"fromNode": 72, "toNode": 132, "delay": 0.29, "capacity": 400}, {"fromNode": 100, "toNode": 236, "delay": 0.29, "capacity": 400}, {"fromNode": 56, "toNode": 188, "delay": 0.29, "capacity": 400}, {"fromNode": 73, "toNode": 167, "delay": 0.01, "capacity": 1000}, {"fromNode": 60, "toNode": 147, "delay": 0.29, "capacity": 400}, {"fromNode": 86, "toNode": 158, "delay": 0.29, "capacity": 400}, {"fromNode": 94, "toNode": 177, "delay": 0.29, "capacity": 400}, {"fromNode": 71, "toNode": 163, "delay": 0.29, "capacity": 400}, {"fromNode": 125, "toNode": 208, "delay": 0.163, "capacity": 200}, {"fromNode": 150, "toNode": 178, "delay": 0.163, "capacity": 200}, {"fromNode": 167, "toNode": 209, "delay": 0.163, "capacity": 200}, {"fromNode": 113, "toNode": 165, "delay": 0.163, "capacity": 200}, {"fromNode": 285, "toNode": 173, "delay": 0.163, "capacity": 200}, {"fromNode": 33, "toNode": 284, "delay": 0.163, "capacity": 200}, {"fromNode": 33, "toNode": 200, "delay": 0.163, "capacity": 200}, {"fromNode": 33, "toNode": 431, "delay": 0.163, "capacity": 200}, {"fromNode": 105, "toNode": 201, "delay": 0.163, "capacity": 200}, {"fromNode": 90, "toNode": 129, "delay": 0.163, "capacity": 200}, {"fromNode": 404, "toNode": 51, "delay": 0.163, "capacity": 200}, {"fromNode": 105, "toNode": 169, "delay": 0.163, "capacity": 200}, {"fromNode": 127, "toNode": 130, "delay": 0.163, "capacity": 200}, {"fromNode": 127, "toNode": 159, "delay": 0.163, "capacity": 200}, {"fromNode": 89, "toNode": 174, "delay": 0.163, "capacity": 200}, {"fromNode": 111, "toNode": 176, "delay": 0.163, "capacity": 200}, {"fromNode": 451, "toNode": 205, "delay": 0.163, "capacity": 200}, {"fromNode": 494, "toNode": 219, "delay": 0.01, "capacity": 1000}, {"fromNode": 451, "toNode": 222, "delay": 0.163, "capacity": 200}, {"fromNode": 188, "toNode": 237, "delay": 0.163, "capacity": 200}, {"fromNode": 64, "toNode": 95, "delay": 0.163, "capacity": 200}, {"fromNode": 64, "toNode": 123, "delay": 0.163, "capacity": 200}, {"fromNode": 64, "toNode": 137, "delay": 0.163, "capacity": 200}, {"fromNode": 82, "toNode": 143, "delay": 0.163, "capacity": 200}, {"fromNode": 177, "toNode": 223, "delay": 0.163, "capacity": 200}, {"fromNode": 150, "toNode": 180, "delay": 0.163, "capacity": 200}, {"fromNode": 161, "toNode": 181, "delay": 0.163, "capacity": 200}, {"fromNode": 157, "toNode": 224, "delay": 0.163, "capacity": 200}, {"fromNode": 194, "toNode": 225, "delay": 0.163, "capacity": 200}, {"fromNode": 199, "toNode": 238, "delay": 0.163, "capacity": 200}, {"fromNode": 163, "toNode": 192, "delay": 0.01, "capacity": 1000}, {"fromNode": 105, "toNode": 175, "delay": 0.163, "capacity": 200}, {"fromNode": 182, "toNode": 235, "delay": 0.163, "capacity": 200}, {"fromNode": 142, "toNode": 186, "delay": 0.163, "capacity": 200}, {"fromNode": 82, "toNode": 210, "delay": 0.163, "capacity": 200}, {"fromNode": 150, "toNode": 231, "delay": 0.01, "capacity": 1000}, {"fromNode": 184, "toNode": 249, "delay": 0.163, "capacity": 200}, {"fromNode": 211, "toNode": 250, "delay": 0.163, "capacity": 200}, {"fromNode": 167, "toNode": 185, "delay": 0.163, "capacity": 200}, {"fromNode": 148, "toNode": 228, "delay": 0.163, "capacity": 200}, {"fromNode": 147, "toNode": 202, "delay": 0.163, "capacity": 200}, {"fromNode": 163, "toNode": 204, "delay": 0.163, "capacity": 200}, {"fromNode": 148, "toNode": 242, "delay": 0.163, "capacity": 200}, {"fromNode": 148, "toNode": 230, "delay": 0.163, "capacity": 200}, {"fromNode": 107, "toNode": 191, "delay": 0.163, "capacity": 200}, {"fromNode": 380, "toNode": 267, "delay": 0.163, "capacity": 200}, {"fromNode": 193, "toNode": 269, "delay": 0.163, "capacity": 200}, {"fromNode": 111, "toNode": 287, "delay": 0.01, "capacity": 1000}, {"fromNode": 33, "toNode": 227, "delay": 0.163, "capacity": 200}, {"fromNode": 33, "toNode": 241, "delay": 0.163, "capacity": 200}, {"fromNode": 487, "toNode": 254, "delay": 0.163, "capacity": 200}, {"fromNode": 360, "toNode": 297, "delay": 0.163, "capacity": 200}, {"fromNode": 285, "toNode": 190, "delay": 0.163, "capacity": 200}, {"fromNode": 33, "toNode": 255, "delay": 0.163, "capacity": 200}, {"fromNode": 150, "toNode": 206, "delay": 0.163, "capacity": 200}, {"fromNode": 435, "toNode": 203, "delay": 0.01, "capacity": 1000}, {"fromNode": 150, "toNode": 207, "delay": 0.163, "capacity": 200}, {"fromNode": 150, "toNode": 214, "delay": 0.163, "capacity": 200}, {"fromNode": 33, "toNode": 256, "delay": 0.163, "capacity": 200}, {"fromNode": 234, "toNode": 262, "delay": 0.163, "capacity": 200}, {"fromNode": 145, "toNode": 240, "delay": 0.163, "capacity": 200}, {"fromNode": 109, "toNode": 221, "delay": 0.163, "capacity": 200}, {"fromNode": 104, "toNode": 226, "delay": 0.01, "capacity": 1000}, {"fromNode": 115, "toNode": 246, "delay": 0.163, "capacity": 200}, {"fromNode": 163, "toNode": 229, "delay": 0.01, "capacity": 1000}, {"fromNode": 54, "toNode": 10, "delay": 0.163, "capacity": 200}, {"fromNode": 54, "toNode": 366, "delay": 0.163, "capacity": 200}, {"fromNode": 43, "toNode": 75, "delay": 0.163, "capacity": 200}, {"fromNode": 54, "toNode": 117, "delay": 0.163, "capacity": 200}, {"fromNode": 54, "toNode": 77, "delay": 0.163, "capacity": 200}, {"fromNode": 43, "toNode": 136, "delay": 0.163, "capacity": 200}, {"fromNode": 54, "toNode": 151, "delay": 0.163, "capacity": 200}, {"fromNode": 234, "toNode": 251, "delay": 0.01, "capacity": 1000}, {"fromNode": 57, "toNode": 189, "delay": 0.163, "capacity": 200}, {"fromNode": 187, "toNode": 198, "delay": 0.01, "capacity": 1000}, {"fromNode": 187, "toNode": 218, "delay": 0.163, "capacity": 200}, {"fromNode": 64, "toNode": 233, "delay": 0.163, "capacity": 200}, {"fromNode": 363, "toNode": 252, "delay": 0.163, "capacity": 200}, {"fromNode": 142, "toNode": 253, "delay": 0.01, "capacity": 1000}, {"fromNode": 184, "toNode": 263, "delay": 0.163, "capacity": 200}, {"fromNode": 81, "toNode": 264, "delay": 0.163, "capacity": 200}, {"fromNode": 107, "toNode": 220, "delay": 0.163, "capacity": 200}, {"fromNode": 152, "toNode": 273, "delay": 0.01, "capacity": 1000}, {"fromNode": 65, "toNode": 261, "delay": 0.01, "capacity": 1000}, {"fromNode": 168, "toNode": 272, "delay": 0.163, "capacity": 200}, {"fromNode": 105, "toNode": 279, "delay": 0.163, "capacity": 200}, {"fromNode": 113, "toNode": 289, "delay": 0.01, "capacity": 1000}, {"fromNode": 126, "toNode": 283, "delay": 0.01, "capacity": 1000}, {"fromNode": 33, "toNode": 282, "delay": 0.163, "capacity": 200}, {"fromNode": 195, "toNode": 243, "delay": 0.163, "capacity": 200}, {"fromNode": 54, "toNode": 248, "delay": 0.163, "capacity": 200}, {"fromNode": 236, "toNode": 244, "delay": 0.163, "capacity": 200}, {"fromNode": 163, "toNode": 257, "delay": 0.163, "capacity": 200}, {"fromNode": 285, "toNode": 305, "delay": 0.163, "capacity": 200}, {"fromNode": 148, "toNode": 258, "delay": 0.163, "capacity": 200}, {"fromNode": 179, "toNode": 260, "delay": 0.163, "capacity": 200}, {"fromNode": 243, "toNode": 245, "delay": 0.163, "capacity": 100}, {"fromNode": 246, "toNode": 259, "delay": 0.163, "capacity": 100}, {"fromNode": 243, "toNode": 271, "delay": 0.163, "capacity": 100}, {"fromNode": 201, "toNode": 306, "delay": 0.163, "capacity": 100}, {"fromNode": 190, "toNode": 265, "delay": 0.163, "capacity": 100}, {"fromNode": 431, "toNode": 298, "delay": 0.163, "capacity": 100}, {"fromNode": 130, "toNode": 308, "delay": 0.163, "capacity": 100}, {"fromNode": 173, "toNode": 319, "delay": 0.163, "capacity": 100}, {"fromNode": 207, "toNode": 300, "delay": 0.163, "capacity": 100}, {"fromNode": 221, "toNode": 268, "delay": 0.163, "capacity": 100}, {"fromNode": 287, "toNode": 334, "delay": 0.163, "capacity": 100}, {"fromNode": 272, "toNode": 291, "delay": 0.163, "capacity": 100}, {"fromNode": 242, "toNode": 288, "delay": 0.163, "capacity": 100}, {"fromNode": 176, "toNode": 309, "delay": 0.163, "capacity": 100}, {"fromNode": 287, "toNode": 342, "delay": 0.163, "capacity": 100}, {"fromNode": 228, "toNode": 270, "delay": 0.163, "capacity": 100}, {"fromNode": 230, "toNode": 299, "delay": 0.163, "capacity": 100}, {"fromNode": 221, "toNode": 323, "delay": 0.163, "capacity": 100}, {"fromNode": 228, "toNode": 321, "delay": 0.163, "capacity": 100}, {"fromNode": 218, "toNode": 281, "delay": 0.163, "capacity": 100}, {"fromNode": 252, "toNode": 295, "delay": 0.163, "capacity": 100}, {"fromNode": 189, "toNode": 294, "delay": 0.163, "capacity": 100}, {"fromNode": 233, "toNode": 336, "delay": 0.163, "capacity": 100}, {"fromNode": 252, "toNode": 348, "delay": 0.163, "capacity": 100}, {"fromNode": 181, "toNode": 266, "delay": 0.163, "capacity": 100}, {"fromNode": 260, "toNode": 276, "delay": 0.163, "capacity": 100}, {"fromNode": 192, "toNode": 275, "delay": 0.163, "capacity": 100}, {"fromNode": 223, "toNode": 290, "delay": 0.163, "capacity": 100}, {"fromNode": 240, "toNode": 296, "delay": 0.163, "capacity": 100}, {"fromNode": 260, "toNode": 301, "delay": 0.163, "capacity": 100}, {"fromNode": 223, "toNode": 310, "delay": 0.163, "capacity": 100}, {"fromNode": 251, "toNode": 293, "delay": 0.163, "capacity": 100}, {"fromNode": 250, "toNode": 274, "delay": 0.163, "capacity": 100}, {"fromNode": 252, "toNode": 370, "delay": 0.163, "capacity": 100}, {"fromNode": 95, "toNode": 390, "delay": 0.01, "capacity": 1000}, {"fromNode": 244, "toNode": 302, "delay": 0.163, "capacity": 100}, {"fromNode": 250, "toNode": 280, "delay": 0.163, "capacity": 100}, {"fromNode": 273, "toNode": 314, "delay": 0.163, "capacity": 100}, {"fromNode": 272, "toNode": 303, "delay": 0.163, "capacity": 100}, {"fromNode": 230, "toNode": 322, "delay": 0.163, "capacity": 100}, {"fromNode": 175, "toNode": 307, "delay": 0.163, "capacity": 100}, {"fromNode": 214, "toNode": 311, "delay": 0.163, "capacity": 100}, {"fromNode": 230, "toNode": 335, "delay": 0.163, "capacity": 100}, {"fromNode": 228, "toNode": 343, "delay": 0.163, "capacity": 100}, {"fromNode": 289, "toNode": 318, "delay": 0.163, "capacity": 100}, {"fromNode": 297, "toNode": 384, "delay": 0.163, "capacity": 100}, {"fromNode": 228, "toNode": 353, "delay": 0.163, "capacity": 100}, {"fromNode": 228, "toNode": 362, "delay": 0.163, "capacity": 100}, {"fromNode": 256, "toNode": 320, "delay": 0.163, "capacity": 100}, {"fromNode": 203, "toNode": 349, "delay": 0.163, "capacity": 100}, {"fromNode": 305, "toNode": 381, "delay": 0.163, "capacity": 100}, {"fromNode": 129, "toNode": 382, "delay": 0.163, "capacity": 100}, {"fromNode": 173, "toNode": 398, "delay": 0.163, "capacity": 100}, {"fromNode": 191, "toNode": 350, "delay": 0.163, "capacity": 100}, {"fromNode": 260, "toNode": 325, "delay": 0.163, "capacity": 100}, {"fromNode": 305, "toNode": 361, "delay": 0.163, "capacity": 100}, {"fromNode": 214, "toNode": 326, "delay": 0.163, "capacity": 100}, {"fromNode": 191, "toNode": 333, "delay": 0.163, "capacity": 100}, {"fromNode": 255, "toNode": 383, "delay": 0.163, "capacity": 100}, {"fromNode": 251, "toNode": 337, "delay": 0.163, "capacity": 100}, {"fromNode": 238, "toNode": 317, "delay": 0.163, "capacity": 100}, {"fromNode": 257, "toNode": 351, "delay": 0.163, "capacity": 100}, {"fromNode": 207, "toNode": 352, "delay": 0.163, "capacity": 100}, {"fromNode": 244, "toNode": 304, "delay": 0.163, "capacity": 100}, {"fromNode": 208, "toNode": 341, "delay": 0.163, "capacity": 100}, {"fromNode": 151, "toNode": 232, "delay": 0.163, "capacity": 100}, {"fromNode": 136, "toNode": 247, "delay": 0.163, "capacity": 100}, {"fromNode": 117, "toNode": 278, "delay": 0.163, "capacity": 100}, {"fromNode": 77, "toNode": 312, "delay": 0.163, "capacity": 100}, {"fromNode": 151, "toNode": 313, "delay": 0.163, "capacity": 100}, {"fromNode": 77, "toNode": 389, "delay": 0.163, "capacity": 100}, {"fromNode": 189, "toNode": 316, "delay": 0.163, "capacity": 100}, {"fromNode": 272, "toNode": 338, "delay": 0.163, "capacity": 100}, {"fromNode": 198, "toNode": 315, "delay": 0.163, "capacity": 100}, {"fromNode": 218, "toNode": 330, "delay": 0.163, "capacity": 100}, {"fromNode": 189, "toNode": 332, "delay": 0.163, "capacity": 100}, {"fromNode": 189, "toNode": 340, "delay": 0.163, "capacity": 100}, {"fromNode": 198, "toNode": 358, "delay": 0.163, "capacity": 100}, {"fromNode": 186, "toNode": 379, "delay": 0.163, "capacity": 100}, {"fromNode": 249, "toNode": 327, "delay": 0.163, "capacity": 100}, {"fromNode": 218, "toNode": 375, "delay": 0.163, "capacity": 100}, {"fromNode": 279, "toNode": 367, "delay": 0.163, "capacity": 100}, {"fromNode": 235, "toNode": 346, "delay": 0.01, "capacity": 1000}, {"fromNode": 151, "toNode": 413, "delay": 0.163, "capacity": 100}, {"fromNode": 244, "toNode": 324, "delay": 0.163, "capacity": 100}, {"fromNode": 262, "toNode": 356, "delay": 0.163, "capacity": 100}, {"fromNode": 201, "toNode": 407, "delay": 0.163, "capacity": 100}, {"fromNode": 207, "toNode": 376, "delay": 0.163, "capacity": 100}, {"fromNode": 200, "toNode": 394, "delay": 0.163, "capacity": 100}, {"fromNode": 263, "toNode": 339, "delay": 0.163, "capacity": 100}, {"fromNode": 218, "toNode": 423, "delay": 0.163, "capacity": 100}, {"fromNode": 263, "toNode": 329, "delay": 0.163, "capacity": 100}, {"fromNode": 243, "toNode": 354, "delay": 0.163, "capacity": 100}, {"fromNode": 255, "toNode": 410, "delay": 0.163, "capacity": 100}, {"fromNode": 181, "toNode": 385, "delay": 0.163, "capacity": 100}, {"fromNode": 244, "toNode": 355, "delay": 0.163, "capacity": 100}, {"fromNode": 339, "toNode": 345, "delay": 0.163, "capacity": 100}, {"fromNode": 325, "toNode": 365, "delay": 0.163, "capacity": 100}, {"fromNode": 355, "toNode": 368, "delay": 0.163, "capacity": 100}, {"fromNode": 318, "toNode": 411, "delay": 0.163, "capacity": 100}, {"fromNode": 298, "toNode": 420, "delay": 0.163, "capacity": 100}, {"fromNode": 394, "toNode": 441, "delay": 0.163, "capacity": 100}, {"fromNode": 323, "toNode": 386, "delay": 0.163, "capacity": 100}, {"fromNode": 318, "toNode": 445, "delay": 0.163, "capacity": 100}, {"fromNode": 311, "toNode": 371, "delay": 0.163, "capacity": 100}, {"fromNode": 322, "toNode": 387, "delay": 0.163, "capacity": 100}, {"fromNode": 384, "toNode": 395, "delay": 0.163, "capacity": 100}, {"fromNode": 304, "toNode": 372, "delay": 0.01, "capacity": 1000}, {"fromNode": 275, "toNode": 415, "delay": 0.163, "capacity": 100}, {"fromNode": 334, "toNode": 403, "delay": 0.163, "capacity": 100}, {"fromNode": 382, "toNode": 416, "delay": 0.01, "capacity": 1000}, {"fromNode": 266, "toNode": 425, "delay": 0.163, "capacity": 100}, {"fromNode": 268, "toNode": 426, "delay": 0.163, "capacity": 100}, {"fromNode": 382, "toNode": 432, "delay": 0.163, "capacity": 100}, {"fromNode": 342, "toNode": 448, "delay": 0.01, "capacity": 1000}, {"fromNode": 358, "toNode": 419, "delay": 0.163, "capacity": 100}, {"fromNode": 379, "toNode": 357, "delay": 0.163, "capacity": 100}, {"fromNode": 330, "toNode": 429, "delay": 0.163, "capacity": 100}, {"fromNode": 316, "toNode": 444, "delay": 0.163, "capacity": 100}, {"fromNode": 315, "toNode": 428, "delay": 0.163, "capacity": 100}, {"fromNode": 310, "toNode": 450, "delay": 0.163, "capacity": 100}, {"fromNode": 324, "toNode": 377, "delay": 0.163, "capacity": 100}, {"fromNode": 354, "toNode": 399, "delay": 0.01, "capacity": 1000}, {"fromNode": 245, "toNode": 405, "delay": 0.163, "capacity": 100}, {"fromNode": 317, "toNode": 455, "delay": 0.163, "capacity": 100}, {"fromNode": 291, "toNode": 412, "delay": 0.01, "capacity": 1000}, {"fromNode": 245, "toNode": 460, "delay": 0.163, "capacity": 100}, {"fromNode": 280, "toNode": 369, "delay": 0.163, "capacity": 100}, {"fromNode": 280, "toNode": 373, "delay": 0.163, "capacity": 100}, {"fromNode": 379, "toNode": 418, "delay": 0.163, "capacity": 100}, {"fromNode": 338, "toNode": 374, "delay": 0.163, "capacity": 100}, {"fromNode": 327, "toNode": 393, "delay": 0.163, "capacity": 100}, {"fromNode": 356, "toNode": 401, "delay": 0.163, "capacity": 100}, {"fromNode": 280, "toNode": 414, "delay": 0.163, "capacity": 100}, {"fromNode": 309, "toNode": 458, "delay": 0.163, "capacity": 100}, {"fromNode": 318, "toNode": 430, "delay": 0.163, "capacity": 100}, {"fromNode": 339, "toNode": 433, "delay": 0.163, "capacity": 100}, {"fromNode": 334, "toNode": 436, "delay": 0.163, "capacity": 100}, {"fromNode": 385, "toNode": 464, "delay": 0.163, "capacity": 100}, {"fromNode": 407, "toNode": 469, "delay": 0.01, "capacity": 1000}, {"fromNode": 334, "toNode": 424, "delay": 0.163, "capacity": 100}, {"fromNode": 323, "toNode": 468, "delay": 0.163, "capacity": 100}, {"fromNode": 309, "toNode": 472, "delay": 0.163, "capacity": 100}, {"fromNode": 319, "toNode": 447, "delay": 0.163, "capacity": 100}, {"fromNode": 381, "toNode": 491, "delay": 0.163, "capacity": 100}, {"fromNode": 394, "toNode": 483, "delay": 0.163, "capacity": 100}, {"fromNode": 384, "toNode": 437, "delay": 0.163, "capacity": 100}, {"fromNode": 394, "toNode": 490, "delay": 0.163, "capacity": 100}, {"fromNode": 367, "toNode": 449, "delay": 0.01, "capacity": 1000}, {"fromNode": 302, "toNode": 453, "delay": 0.163, "capacity": 100}, {"fromNode": 410, "toNode": 492, "delay": 0.163, "capacity": 100}, {"fromNode": 337, "toNode": 446, "delay": 0.163, "capacity": 100}, {"fromNode": 367, "toNode": 475, "delay": 0.01, "capacity": 1000}, {"fromNode": 361, "toNode": 493, "delay": 0.163, "capacity": 100}, {"fromNode": 327, "toNode": 417, "delay": 0.01, "capacity": 1000}, {"fromNode": 259, "toNode": 402, "delay": 0.163, "capacity": 100}, {"fromNode": 325, "toNode": 461, "delay": 0.01, "capacity": 1000}, {"fromNode": 382, "toNode": 465, "delay": 0.163, "capacity": 100}, {"fromNode": 327, "toNode": 434, "delay": 0.163, "capacity": 100}, {"fromNode": 310, "toNode": 474, "delay": 0.163, "capacity": 100}, {"fromNode": 375, "toNode": 440, "delay": 0.163, "capacity": 100}, {"fromNode": 389, "toNode": 462, "delay": 0.163, "capacity": 100}, {"fromNode": 313, "toNode": 466, "delay": 0.163, "capacity": 100}, {"fromNode": 413, "toNode": 478, "delay": 0.163, "capacity": 100}, {"fromNode": 232, "toNode": 481, "delay": 0.163, "capacity": 100}, {"fromNode": 330, "toNode": 473, "delay": 0.163, "capacity": 100}, {"fromNode": 339, "toNode": 456, "delay": 0.163, "capacity": 100}, {"fromNode": 379, "toNode": 427, "delay": 0.163, "capacity": 100}, {"fromNode": 379, "toNode": 439, "delay": 0.163, "capacity": 100}, {"fromNode": 358, "toNode": 454, "delay": 0.163, "capacity": 100}, {"fromNode": 370, "toNode": 452, "delay": 0.163, "capacity": 100}, {"fromNode": 346, "toNode": 409, "delay": 0.163, "capacity": 100}, {"fromNode": 302, "toNode": 459, "delay": 0.01, "capacity": 1000}, {"fromNode": 327, "toNode": 463, "delay": 0.01, "capacity": 1000}, {"fromNode": 337, "toNode": 471, "delay": 0.163, "capacity": 100}, {"fromNode": 274, "toNode": 443, "delay": 0.163, "capacity": 100}, {"fromNode": 291, "toNode": 467, "delay": 0.01, "capacity": 1000}, {"fromNode": 367, "toNode": 488, "delay": 0.163, "capacity": 100}, {"fromNode": 394, "toNode": 495, "delay": 0.163, "capacity": 100}, {"fromNode": 300, "toNode": 480, "delay": 0.163, "capacity": 100}, {"fromNode": 384, "toNode": 476, "delay": 0.163, "capacity": 100}, {"fromNode": 327, "toNode": 470, "delay": 0.163, "capacity": 100}, {"fromNode": 327, "toNode": 489, "delay": 0.163, "capacity": 100}, {"fromNode": 324, "toNode": 486, "delay": 0.163, "capacity": 100}, {"fromNode": 394, "toNode": 496, "delay": 0.163, "capacity": 100}, {"fromNode": 492, "toNode": 499, "delay": 0.163, "capacity": 100}, {"fromNode": 492, "toNode": 497, "delay": 0.163, "capacity": 100}, {"fromNode": 416, "toNode": 484, "delay": 0.163, "capacity": 100}, {"fromNode": 448, "toNode": 485, "delay": 0.163, "capacity": 100}, {"fromNode": 403, "toNode": 477, "delay": 0.163, "capacity": 100}, {"fromNode": 395, "toNode": 498, "delay": 0.163, "capacity": 100}, {"fromNode": 496, "toNode": 501, "delay": 0.01, "capacity": 1000}, {"fromNode": 0, "toNode": 1, "delay": 0.1, "capacity": 10000}]}